Subject,Group,Sample,ISC_Neutral,ISC_Emotional,ISC_EMO-NEU,ISC_N-N,ISC_E-N,ISC_N-E,ISC_E-E,DP.50.Angry.Congruent,DP.50.Angry.Incongruent,DP.50.Happy.Congruent,DP.50.Happy.Incongruent,DP.50.Sad.Congruent,DP.50.Sad.Incongruent,DP.1000.Angry.Congruent,DP.1000.Angry.Incongruent,DP.1000.Happy.Congruent,DP.1000.Happy.Incongruent,DP.1000.Sad.Congruent,DP.1000.Sad.Incongruent,DPCongruency_happy50,DPCongruency_happy1000,DPCongruency_angry50,DPCongruency_angry1000,DPCongruency_sad50,DPCongruency_sad1000,MEMPriming_neg,MEMPrimig_neut,MEMPriming_pos,MemoryImplicit_neg-neu,MemoryImplicit_pos-neu,ExpMemNegative,ExpMemPositive,ExpMemNeutral,EXPMEM_Neg-Neu,EXPMEM_Pos-Neu,INTERcongruent.neg,INTERcongruent.neutral,INTERcongruent.pos,INTERincongruent.neg,INTERincongruent.neutral,INTERincongruent.pos,InterferenceCong_Neg-Neu,InterferenceCong_Pos-Neu,InterferenceIncong_Pos-Neu,InterferenceIncong_Neg-Neu,Interpretation_NegSelection,InterpretationRT_Neg,InterpretationRT_Pos,Interpretation_Rtneg-pos,ExpectancySelection_neg,ExpectancySelection_pos,ExpectancyRT_negative.accept,ExpectancyRT_negative.reject,ExpectancyRT_positive.accept,ExpectancyRT_positive.reject,ExpectancyConfidance_negative.accept,ExpectancyConfidance_negative.reject,ExpectancyConfidance_positive.accept,ExpectancyConfidance_positive.reject,ExpectancyRejection,ExpectancyAcceptance,BDI_SCORE,STAI_SCORE,PSWQ_SCORE,RRS_SCORE,DASS_Depression,DASS_Anxiety,DASS_stress
101,4,1,259,147,-112,1416,1493,1510,1287,374.17,396.53,373.47,388.66,367.43,381.33,529.5,476.55,520.29,507.73,492.87,518.64,15.19,-12.55,22.36,-52.95,13.9,25.78,0.05,0.15,0.05,-0.1,-0.1,6,8,5,1,3,457.57,447.65,453.81,447.37,450.3,449.41,9.92,6.16,-0.89,-2.94,0.23,3197.56,2441.37,756.19,0.35,0.75,5250.33,4020.91,4254.58,5744.75,2.33,3.36,3.83,3,-1723.84,995.75,6,34,47,41,2,2,4
102,4,1,314,490,176,1377,1953,1817,1411,479.62,494.63,483.67,492.83,470.46,491.71,539.6,494.22,503.26,527.72,513.73,537.1,9.17,24.46,15.01,-45.38,21.25,23.37,,,,,,6,5,5,1,0,600.55,608.52,562.67,633.24,603.07,608.56,-7.97,-45.85,5.49,30.17,0.35,2678,2205.27,472.73,0.06,0.63,2707,3146.44,3630.6,3750.5,3,3.19,3.5,3.67,-604.06,-923.6,1,26,32,22,0,0,0
103,4,1,981,450,-531,2252,2862,2744,2477,321.03,313.8,319.66,312.93,315.43,314.38,335.83,349.2,338.63,329.07,330.07,336.76,-6.72,-9.56,-7.23,13.37,-1.05,6.69,0.3,0.55,0.1,-0.25,-0.45,9,6,4,5,2,378.94,377.89,399.2,388.04,415.62,393.03,1.05,21.31,-22.59,-27.59,0.35,1787.36,1364.69,422.66,0.81,1,3284.38,4460,2964.88,,3.38,2.67,4,,,319.5,7,38,63,31,4,4,12
105,4,1,294,281,-13,1595,2004,1835,1699,481.38,530.75,545.69,564.5,598.44,540,453.14,397.97,443,407.61,412.83,415.53,18.81,-35.39,49.38,-55.17,-58.44,2.71,0.25,0.45,0.2,-0.2,-0.25,0,4,2,-2,2,485.47,469.7,472.47,468.08,474.22,475.95,15.77,2.78,1.74,-6.14,0.28,1804.82,1495.86,308.96,0.29,1,2444.2,2929.5,2355.5,,3,4.42,4.38,,,88.7,11,40,49,35,6,10,8
106,4,1,791,789,-2,1219,2063,1992,1258,338.97,343.66,329.59,346.03,355.04,327.72,404.41,397.74,413.64,401.57,421.47,388.31,16.45,-12.08,4.69,-6.67,-27.31,-33.16,0.25,0.4,0.05,-0.15,-0.35,6,9,3,3,6,495.84,458.9,488.39,500.33,476.72,488.08,36.95,29.49,11.36,23.61,0.3,3825.92,2490.81,1335.1,0.65,0.75,4214.91,5638.67,3729.83,4215.5,3.64,3.67,4.25,3.5,1423.17,485.08,3,36,61,52,6,6,14
107,4,1,352,394,42,1505,1828,1983,1523,306.58,316.24,321.7,330.63,315.78,304.35,319.54,327.71,302.65,318.04,318.59,298.36,8.93,15.38,9.66,8.18,-11.43,-20.23,-0.05,0.2,0.2,-0.25,0,1,4,1,0,3,330.28,335.36,326.56,347.63,344.75,337.02,-5.08,-8.8,-7.73,2.88,0.4,1969.25,1724.39,244.86,0.19,0.76,4131.33,4338.31,3787.46,4109.25,2.67,3.62,2.54,3,229.06,343.87,3,30,43,37,4,4,22
108,4,1,102,493,391,1540,1917,2201,1601,404.43,404.63,400.77,402.17,403.5,418.73,444.61,423.73,450.64,428.93,422.69,445.9,1.4,-21.71,0.2,-20.87,15.23,23.21,0.15,0.3,0.2,-0.15,-0.1,5,9,1,4,8,568.98,574.33,548.66,631.1,628.55,571.08,-5.35,-25.67,-57.47,2.55,0.15,1785,1335.24,449.76,0,1,2754,2941.65,2897.53,,,3.82,3.71,,,,4,32,35,29,2,0,6
109,4,1,146,101,-45,1651,1503,1813,1479,429.66,415.43,442.32,402.86,403.07,405.9,403.7,443.97,410.2,428.25,446.77,421.67,-39.46,18.05,-14.23,40.26,2.83,-25.1,0.15,0.2,0.1,-0.05,-0.1,,,,,,474.77,458.51,455.65,471.59,458.81,468.95,16.26,-2.86,10.14,12.77,,,,,0.29,0.94,3825.6,3372.17,2983.31,1456,3,3.83,4.31,4,1916.17,842.29,9,43,68,30,2,6,6
110,4,1,161,105,-56,1016,1109,1049,933,384.86,386.9,405.9,378.63,386.77,380.8,451.59,465.33,462.89,435.5,458.93,455.56,-27.26,-27.39,2.04,13.75,-5.97,-3.38,0.2,0.3,0.3,-0.1,0,5,4,3,2,1,480.11,471.31,476.63,477.76,488.5,483.19,8.81,5.32,-5.31,-10.74,0.33,2984.46,2422.93,561.54,0.38,0.53,4196.17,3295.2,3420.78,3679.88,3,4,4.22,3.75,-384.68,775.39,2,23,18,26,2,0,0
111,4,1,616,-108,-724,2478,2206,2750,2672,400.1,391.57,397.2,389.43,391.57,395.54,459.1,466.14,470.67,455.83,457.45,479.27,-7.77,-14.83,-8.53,7.04,3.97,21.82,0.2,0.05,0,0.15,-0.05,5,4,1,4,3,461.54,462.8,457.93,481.66,492.21,468.06,-1.26,-4.87,-24.15,-10.55,0.43,2292.25,2559.35,-267.1,0.47,0.69,5192.63,3842.78,4950.27,4092.6,4.13,4.22,3.73,4,-249.82,242.35,1,36,33,24,2,0,8
112,4,1,524,838,314,1260,2232,1960,1256,352,371,368.56,372.75,350.36,357.8,403.38,424.74,424,421,410.54,405.5,4.19,-3,19,21.36,7.44,-5.04,0.15,0.3,0.35,-0.15,0.05,,,,,,348.37,353.24,353.03,364.7,368.23,374.7,-4.87,-0.21,6.47,-3.52,0.43,1906.65,2227.39,-320.74,0.53,0.87,2393.11,2256.13,2547.69,2186.5,3.89,3.75,3.62,3,69.63,-154.58,1,46,65,51,8,0,6
113,4,1,116,486,370,2373,2798,2338,1813,332.48,331.67,340.63,343.93,320.9,339.96,369.42,374.04,367.2,361.15,360.61,371.66,3.29,-6.05,-0.82,4.62,19.07,11.05,0,0.05,0,-0.05,-0.05,0,1,0,0,1,396.45,396.93,386.8,401.22,405.37,398.46,-0.48,-10.13,-6.91,-4.15,0.2,1564.5,1227.7,336.8,0.06,0.82,5227,2685.6,3102.93,3963.33,5,4.4,3.93,3,-1277.73,2124.07,2,30,50,25,0,2,0
114,4,1,178,240,62,1554,1825,1479,1292,321.07,313.6,301.85,316.86,314.97,316.07,362.55,355.45,351.11,346.07,358.11,354.29,15.01,-5.04,-7.47,-7.1,1.1,-3.82,0.1,0.25,0.35,-0.15,0.1,3,8,5,-2,3,343.19,357.47,361.92,379.67,374.8,381.98,-14.28,4.44,7.18,4.87,0.28,2010.18,1682.19,328,0.31,0.94,3395,3824.36,3614.06,3897,4.4,4,4.25,2,-72.64,-219.06,5,33,49,68,2,2,0
115,4,1,250,223,-27,1265,1674,1534,1496,463.82,446.89,457.68,439.53,470.9,481.2,488.86,521.79,484.03,491.66,494.6,497.07,-18.15,7.62,-16.93,32.93,10.3,2.47,-0.05,0.1,0.05,-0.15,-0.05,6,5,2,4,3,524.37,508.34,490.81,522.79,529.86,520.84,16.03,-17.53,-9.02,-7.07,0.33,3246.25,2623.44,622.81,0.29,0.71,8692.8,6805.25,5684.75,7537,2.8,4.25,4,3.8,-731.75,3008.05,7,39,37,57,0,6,28
116,4,1,436,543,107,1399,1853,2196,1538,385.81,397.07,387.6,383.69,401.61,395.07,412.25,409.53,396.14,416.88,422.86,415.24,-3.91,20.75,11.26,-2.72,-6.54,-7.62,0.3,0.25,0.1,0.05,-0.15,8,6,4,4,2,505.38,524.49,508.28,549.14,567.7,549.57,-19.11,-16.21,-18.14,-18.57,0.3,1550.27,1659.54,-109.26,0.06,0.76,5435,4163.53,4272.85,3681.5,3,4.07,3.77,4,482.03,1162.15,1,31,42,33,0,0,0
117,4,1,115,288,173,1182,1220,1461,892,352.72,331.62,341.6,365.86,327.41,345.57,399.4,375.03,407.14,379.33,399.47,378.33,24.26,-27.8,-21.1,-24.37,18.16,-21.13,-0.1,0.3,0.15,-0.4,-0.15,6,3,1,5,2,388.69,394.21,387.23,405.68,406.64,409.38,-5.52,-6.98,2.74,-0.96,0.25,1663.78,1118.17,545.61,0,0.94,2253,2168.38,2007.47,2678,,4.13,3.67,2,-509.63,,3,35,48,25,2,2,6
118,4,1,78,418,340,923,1553,1424,1254,312.15,316.89,349.14,300.66,315.86,336.33,322.66,327.76,300.73,318,323.41,309.79,-48.49,17.27,4.74,5.1,20.48,-13.62,0.25,0.5,0.15,-0.25,-0.35,5,4,5,0,-1,355.86,348.92,356.72,364.88,353.36,350.23,6.95,7.8,-3.13,11.53,0.38,1869.27,1825.64,43.63,0.19,0.53,3199,2679.46,2369.56,3438.88,3.33,4,4.11,3.13,-759.41,829.44,11,37,52,42,4,0,2
119,4,1,158,24,-134,1127,1148,1124,1095,370.56,369.2,377.72,364.21,380.77,369.1,352.87,356.57,341.2,336.4,336.79,348.53,-13.51,-4.8,-1.36,3.7,-11.67,11.74,0.3,0.25,0.15,0.05,-0.1,3,7,5,-2,2,428.5,412.76,417.85,425.67,429.26,421.48,15.74,5.09,-7.78,-3.59,0.23,1890.22,1633.27,256.96,0.31,0.88,3741.6,3004.55,3491.2,2949.5,2.2,2.91,3.2,2,55.05,250.4,5,36,38,41,0,0,4
120,3,1,391,435,44,1234,1811,1670,1379,367.27,382.74,359.93,367.03,386.63,362.83,374.93,360.23,372.43,359.31,361.79,357.23,7.11,-13.12,15.47,-14.7,-23.8,-4.56,0.3,0.25,0.35,0.05,0.1,5,5,3,2,2,349.77,365.1,362.43,388.83,379,383.51,-15.33,-2.67,4.51,9.83,0.13,1171.4,1151.85,19.55,0.18,0.94,2677.67,3249.79,3296.27,6718,3.33,2.93,3.33,1,-3468.21,-618.6,10,41,50,32,30,18,28
121,4,1,220,70,-150,1029,1131,1201,1166,339.57,338,340.6,343.27,333.03,336.7,344.67,337.1,346.46,339.66,349.2,343.66,2.67,-6.81,-1.57,-7.57,3.67,-5.54,0.25,0.3,0.1,-0.05,-0.2,7,6,2,5,4,381.87,378.46,391.17,381.44,381.05,387.52,3.41,12.71,6.47,0.39,0.23,1623.13,1234.23,388.9,0.12,1,1814,2224.13,2364.07,,4.5,4,4.27,,,-550.07,8,34,42,46,0,0,2
122,4,1,151,100,-51,2103,1943,2142,1777,369.83,348.87,368,360.55,371.23,375.9,388.5,372.93,376.27,379.62,395.23,383.33,-7.45,3.35,-20.96,-15.57,4.67,-11.9,0,0.25,0.2,-0.25,-0.05,2,6,5,-3,1,363.08,356.62,350.65,379.02,372.79,372.66,6.46,-5.97,-0.13,6.23,0.48,1701.19,1940.81,-239.62,0.13,0.71,4261.5,3364.14,3351.42,2707.8,3.5,4,4.17,3.6,656.34,910.08,9,40,51,36,4,2,4
123,4,1,53,323,270,1190,1609,1406,1182,297.27,308.29,309.63,311.63,316.21,305.77,305,315.55,302.64,305.33,325.18,296.73,2,2.69,11.02,10.55,-10.44,-28.45,0.35,0.05,0.15,0.3,0.1,3,4,1,2,3,374.97,351.48,368.15,391.75,385.25,387.68,23.48,16.66,2.43,6.5,0.25,1569.8,1378.76,191.04,0.29,0.69,2162.8,2749,2532.73,2667.6,2.6,3.25,3.27,2.2,81.4,-369.93,5,40,48,42,2,0,4
124,4,1,55,378,323,1925,2518,2079,1905,419.38,440.9,415.55,427.79,398.48,421.24,448.87,427,421.86,470.93,424.28,443.47,12.23,49.07,21.52,-21.87,22.76,19.19,0.05,0,0.15,0.05,0.15,7,7,2,5,5,420.81,434.67,459.27,448.4,445.11,413.34,-13.85,24.61,-31.77,3.29,0.4,2979.25,2810.09,169.16,0.47,0.88,7138.5,5808.67,5427.14,7568,2.75,4.33,4.21,4,-1759.33,1711.36,12,30,47,44,6,6,12
125,4,1,65,432,367,1021,1329,1502,951,360.9,345.69,350.97,348.48,346.62,351.07,329.53,339.79,336.27,330.67,331.34,328.67,-2.48,-5.6,-15.21,10.25,4.45,-2.68,0.55,0.35,0.05,0.2,-0.3,11,7,5,6,2,384.67,397.9,382.82,392.8,399.81,396.92,-13.23,-15.08,-2.89,-7.01,0.13,1511,1094.83,416.17,0.88,1,1829.79,2385.5,1512.59,,1.79,4,4.18,,,317.2,4,48,47,45,2,4,2
126,4,1,380,446,66,1080,1578,1478,1091,308.12,313.53,285.97,285.9,316.21,294.72,300.59,305.72,318.62,303.27,295.63,302.17,-0.07,-15.35,5.41,5.14,-21.48,6.54,0.25,0.5,0.25,-0.25,-0.25,7,7,7,0,0,341.97,344.73,341.57,365.14,386.48,380.08,-2.76,-3.16,-6.4,-21.34,0.3,1378,1483.78,-105.78,0.25,0.56,4503.5,4054.42,4860.78,4526.71,4,4.17,3.67,3,-472.3,-357.28,13,35,41,37,8,2,10
127,4,1,465,414,-51,1101,1596,1597,1257,311.41,319.43,291.73,297.44,315.89,317.1,290.9,290.97,296.6,303.37,290.66,295.93,5.71,6.77,8.02,0.07,1.21,5.28,0.4,0.35,0.2,0.05,-0.15,5,9,1,4,8,357.53,354.56,351.41,361.8,370.02,358.5,2.97,-3.16,-11.52,-8.21,0.08,1676,1219.36,456.64,0,0.94,3842,3441.12,3364.19,4417,,3.12,3.56,3,-975.88,,3,32,36,33,6,4,6
128,2,1,334,186,-148,1308,1484,1400,1206,306.14,316.3,317.83,308.57,327.21,327.07,365.93,387.15,364.11,375.38,368.17,365.41,-9.27,11.27,10.16,21.22,-0.14,-2.76,0.3,0.45,0.1,-0.15,-0.35,3,6,2,1,4,330.14,336.7,331.7,359.97,357.25,354.21,-6.56,-5.01,-3.04,2.71,0.25,1421.44,1061.13,360.31,0.24,0.94,2976.75,3696.92,3262.69,3434,3.5,2.62,3.06,4,262.92,-285.94,0,32,41,28,22,8,6
129,4,1,369,468,99,1449,2046,1977,1649,369.59,367.18,366.33,361.97,394.14,376.34,411.96,384.47,381.17,405.59,392.14,381.7,-4.37,24.41,-2.41,-27.5,-17.79,-10.44,0.35,0.25,0.25,0.1,0,4,2,1,3,1,410.31,418.44,418.68,437.45,424.76,414.43,-8.12,0.24,-10.32,12.69,0.5,824.6,925.65,-101.05,0.29,0.94,2544.2,3721.92,3037.93,2365,4.6,4.5,4.87,2,1356.92,-493.73,7,42,50,39,8,0,6
130,4,1,654,760,106,1409,2065,2230,1375,341.96,360.7,341.64,342.24,353.55,351.59,414.21,450.62,436.3,401.69,394,389.67,0.6,-34.6,18.74,36.41,-1.97,-4.33,0.3,0.5,0.05,-0.2,-0.45,9,7,3,6,4,433.25,469.02,450.02,442.78,436.92,453.32,-35.77,-19,16.4,5.87,0.33,1374.92,1197.77,177.15,0.31,0.82,3238,3231.45,1903.21,2517,3.2,3.45,4.07,3.67,714.45,1334.79,3,33,44,28,8,0,6
131,4,1,303,257,-46,1068,1340,1323,1080,368.81,356.79,360.93,357.28,368.93,370.97,370.31,390.32,379.03,393.38,380.07,377.1,-3.66,14.35,-12.02,20.01,2.04,-2.97,0.15,0.4,-0.05,-0.25,-0.45,6,11,3,3,8,466.47,480.68,472.52,510.5,507.02,471.47,-14.22,-8.17,-35.55,3.48,0.25,2902.9,1775.14,1127.76,0.69,1,3740,3456.6,2907.35,,2.55,3.6,3.59,,,832.65,7,36,51,23,12,2,14
132,3,1,146,265,119,1936,2100,2150,1783,296.83,308.77,301.23,290.07,290.57,300.59,352.93,356.03,346.38,353.41,361.28,360.14,-11.16,7.03,11.93,3.1,10.02,-1.13,0.1,0.4,0.05,-0.3,-0.35,10,11,4,6,7,388.32,389.18,375.89,407.5,391,390.66,-0.87,-13.3,-0.34,16.5,0.73,1150.14,1128.7,21.44,0.41,0.88,3193.57,2491.5,3038.57,3203,3.43,3.1,3.07,2.5,-711.5,155,23,59,67,63,22,26,26
133,2,1,401,124,-277,1491,1883,1514,1654,353.17,351.54,349.87,347.19,368.14,357.81,336.97,324.64,316.18,326.73,316.48,338.87,-2.68,10.55,-1.64,-12.32,-10.33,22.38,0.1,0.3,0.25,-0.2,-0.05,3,2,0,3,2,344.52,363.45,374.18,371.42,364.48,375.43,-18.93,10.73,10.94,6.94,0.45,2078.63,1556.95,521.67,0.81,0.5,2538.85,3304.33,2644,3400.13,4.54,4,4.38,3.75,-95.79,-105.15,29,52,71,47,28,6,22
134,4,1,434,229,-205,960,1308,1226,1127,341.17,361.68,346.19,341.07,339.5,356.34,326.5,335.21,349.07,343.73,341.72,360.37,-5.12,-5.33,20.51,8.71,16.84,18.65,0.4,0.15,0.05,0.25,-0.1,7,7,0,7,7,343.37,330.45,336.73,356.07,349.97,353.16,12.92,6.28,3.19,6.1,0.53,2319.75,1898.26,421.49,0.29,0.94,4253.6,2669.58,2397.93,2513,3,3.5,3.8,3,156.58,1855.67,6,42,52,45,16,2,22
135,4,1,468,429,-39,1356,2005,2077,1824,363.17,353.1,353.33,346.04,351.03,346,374.41,370.37,375.21,389.45,384.43,371.14,-7.3,14.24,-10.07,-4.04,-5.03,-13.29,0.15,0.15,0.05,0,-0.1,0,3,0,0,3,373.55,375.87,399.18,412.14,391.97,396.25,-2.32,23.3,4.28,20.18,0.18,4231.67,1904.88,2326.79,0.31,0.59,5877.2,3230.36,3060,5680.71,4.4,4.55,4.6,3.57,-2450.35,2817.2,2,23,54,24,0,0,2
136,4,1,417,479,62,1119,1773,1425,1111,306.83,315,305.45,323.86,304.04,318.34,396.63,367,377.83,388.76,414,388.96,18.41,10.93,8.17,-29.63,14.31,-25.04,0.4,0.25,0.05,0.15,-0.2,4,5,1,3,4,360.66,351.7,354.43,392.7,361.57,385.87,8.96,2.73,24.3,31.14,0.03,2350,1232.51,1117.49,0.41,0.76,3477.71,3300.9,3032.92,3417.75,3,4.1,4,3,-116.85,444.79,0,24,28,26,2,2,10
137,2,1,260,387,127,1252,1942,1596,1531,361,373.7,372.4,355,380.62,371.7,384.83,383.11,369.61,384.79,378.31,403.07,-17.4,15.18,12.7,-1.72,-8.92,24.76,0.45,0.15,0.05,0.3,-0.1,2,3,5,-3,-2,384.37,366.72,371.6,393.82,393.03,403.65,17.65,4.88,10.62,0.78,0.43,1595.47,1747.48,-152.01,0.81,0.71,3386.38,5078,3126.33,3598.8,3.85,3.67,3.58,3.8,1479.2,260.05,27,54,71,59,26,10,36
138,3,1,250,414,164,1171,1790,1516,1318,413.96,415.63,421.31,432.57,436.53,408.23,424.07,409.97,400.28,444.34,422.2,437.96,11.26,44.07,1.67,-14.1,-28.3,15.76,0.05,0.05,0.1,0,0.05,8,8,3,5,5,397.79,395.2,373.17,416,411.68,424.34,2.59,-22.03,12.66,4.32,0.33,2435.31,1613.19,822.12,0.71,0.71,3276.5,3429.6,2953.5,4409.6,3.08,3.2,3.58,3,-980,323,6,45,63,64,28,22,34
139,1,1,241,173,-68,1000,1164,1155,975,297.64,294.45,288.46,309.07,292.14,308.2,313.59,303.17,316.97,328.48,322.07,319.11,20.61,11.51,-3.19,-10.41,16.06,-2.96,0.2,0.25,0.15,-0.05,-0.1,11,6,5,6,1,350.23,349.41,357.83,353.54,347.51,361.37,0.82,8.41,13.86,6.03,0.35,1777,1226.96,550.04,0.53,1,2678.44,1765.5,2122.5,,4,4.5,4.44,,,555.94,17,43,34,66,8,18,24
140,1,1,241,365,124,874,1404,1219,1010,327.97,323.5,328.2,323,336.59,321.93,299.97,294.87,305.71,308.03,308.19,302.97,-5.2,2.32,-4.47,-5.1,-14.66,-5.23,0.2,0.45,0.45,-0.25,0,6,9,3,3,6,338.66,331.67,329.5,360.79,335.83,351.63,6.98,-2.17,15.79,24.96,0.58,870.09,1022.47,-152.38,0.69,0.75,2084.27,3049.4,2096.25,2278,4.64,4.6,3.17,3.25,771.4,-11.98,10,56,59,38,,,
141,4,1,189,231,42,1280,1292,1346,895,289.1,279.17,283.1,291.86,284.62,296.41,280.8,273.96,278.3,275.27,284,284.7,8.76,-3.03,-9.93,-6.84,11.79,0.7,0.25,0.25,0.15,0,-0.1,6,8,5,1,3,391.23,395.14,397.61,392.05,383.71,408.98,-3.91,2.47,25.27,8.34,0.25,1607.3,1244.36,362.94,0.38,0.71,3357.17,2349.3,2132.58,2791.8,3.33,3.8,4,2.2,-442.5,1224.58,6,35,40,51,6,0,8
142,4,1,186,451,265,1822,2359,2184,1817,352.97,346.33,339.07,357.5,332.8,346.79,381.45,363.86,369.93,387.6,355.5,382.93,18.43,17.67,-6.63,-17.59,13.99,27.43,0,0,-0.1,0,-0.1,0,0,1,-1,-1,508.2,518.58,477.71,486.48,483.85,459.25,-10.39,-40.87,-24.6,2.63,0.3,3462.45,2039.93,1422.53,0.93,1,3899.64,5297,2786.88,,2.29,3,3.35,,,1112.76,6,42,42,33,4,4,6
143,4,1,147,268,121,1044,1277,1398,1103,255.03,257.24,255.53,266.86,260.17,265.04,347.42,338.04,366.45,337.68,335.54,339.86,11.33,-28.77,2.21,-9.39,4.87,4.32,0.15,0.35,0,-0.2,-0.35,5,9,3,2,6,340.66,335.11,351.08,343.16,362.49,337.52,5.55,15.96,-24.98,-19.33,0.25,2006.8,2212.2,-205.4,0.41,0.75,2138.43,2543.2,2019.83,2313,3.86,3.8,3.92,3.5,230.2,118.6,5,35,45,33,20,8,12
144,4,1,506,348,-158,1382,1754,1633,1311,341.93,338.17,352.33,347.5,356.66,346.45,364.64,349.34,373.52,364.07,353.55,361.07,-4.83,-9.45,-3.76,-15.3,-10.21,7.52,0.2,0.35,0.1,-0.15,-0.25,8,8,2,6,6,452.84,439.8,450.84,455.61,469.52,452.12,13.04,11.05,-17.39,-13.91,0.38,1818.57,2144,-325.43,0.53,0.88,4231.44,5132.25,3454.4,5658.5,3.44,2.88,4.4,3.5,-526.25,777.04,5,31,33,25,0,0,0
145,4,1,266,564,298,976,1508,1545,950,351.21,358,344.76,349.03,347.11,352.07,354.66,335.93,336.67,350.31,340.24,330.9,4.28,13.64,6.79,-18.72,4.96,-9.34,0.15,0.55,0.3,-0.4,-0.25,7,5,3,4,2,340.02,338.26,348.24,356.75,376.86,371.5,1.76,9.98,-5.36,-20.11,0.13,1565.8,1049.03,516.77,0.19,1,1882,2144,1919.94,,2.33,3.77,3.76,,,-37.94,0,27,38,28,2,0,0
146,1,1,315,273,-42,1000,1280,1208,948,348.13,359.63,348.23,341.14,353.37,335.14,333.1,337.47,347,340.59,340.07,344.69,-7.1,-6.41,11.5,4.36,-18.23,4.62,0.2,0.25,0.05,-0.05,-0.2,6,9,3,3,6,324.57,322.63,325.6,336.63,343.52,339.47,1.94,2.97,-4.05,-6.88,0.35,1914.57,1405.69,508.88,0.24,0.93,2842.5,2311.38,2065.79,2489,2.75,3.92,3.43,3,-177.62,776.71,4,46,66,35,16,16,24
147,4,1,656,463,-193,1727,1951,1848,1131,335.9,335.14,338.93,334.62,333.8,354.55,341.03,357.64,345.52,359.62,355.93,359.37,-4.31,14.1,-0.75,16.61,20.75,3.44,0.05,0,0.1,0.05,0.1,2,6,1,1,5,358.02,374.83,376.44,369.88,380.56,355.58,-16.81,1.61,-24.98,-10.68,0.48,1247.06,1280.76,-33.71,0.75,0.82,1855,2062.25,1761.64,1959.67,3.75,3.5,4.64,4,102.58,93.36,36,70,71,69,12,8,32
148,4,1,355,326,-29,1157,1578,1505,1275,362.72,366.28,365,376.97,354.86,378.14,380.43,387,374.1,389.45,389.67,371,11.97,15.34,3.55,6.57,23.28,-18.67,0,0.5,0.05,-0.5,-0.45,8,8,5,3,3,382.73,369.29,366.69,386.97,380.65,379.66,13.45,-2.6,-0.99,6.32,0.05,2270.5,1195.61,1074.89,0.18,1,3093,2967.5,3014.12,,2.67,3.64,3.94,,,78.88,0,31,44,25,16,8,26
149,4,1,35,19,-16,1208,1108,1174,1045,346.03,349.29,354.77,353.41,354,349.17,378.97,405.3,381.29,379.54,393.45,388.97,-1.35,-1.75,3.25,26.33,-4.83,-4.48,0.25,0.35,0.05,-0.1,-0.3,6,5,4,2,1,410.98,397.6,398.11,430.58,426.8,420.97,13.39,0.52,-5.83,3.78,0.35,1982.07,1870.88,111.2,0.71,0.76,3153.42,2400,3161.46,4247.5,3.67,3.6,3.92,3.25,-1847.5,-8.04,17,52,50,78,10,4,20
151,4,1,266,172,-94,1413,1606,1300,1124,304.38,327.21,328.5,314.48,302.69,308.03,331.79,332.72,328.97,327.72,333.41,322.5,-14.02,-1.24,22.83,0.94,5.34,-10.91,0.5,0.35,0,0.15,-0.35,1,3,2,-1,1,395.48,393.5,382.65,408.16,415.71,409.43,1.98,-10.85,-6.28,-7.55,0.18,1663.5,1344,319.5,0.53,0.88,3558.22,4078.88,3091.14,4194,3.22,3.38,3.93,3,-115.13,467.08,11,46,48,40,2,2,0
152,4,1,388,213,-175,1271,1349,1421,1061,407.63,388.68,402.57,421.77,405.5,413.43,520.89,537.38,527.47,529.23,534.1,527.52,19.2,1.77,-18.95,16.49,7.93,-6.58,0.2,0.25,0.15,-0.05,-0.1,8,7,2,6,5,407.38,432.48,429.49,415.93,469.54,461.35,-25.11,-2.99,-8.19,-53.61,0.28,1554.27,1377.21,177.07,0.41,0.94,2793,3085.6,2932.33,2217,2.29,1.7,2.93,2,868.6,-139.33,3,30,51,26,4,4,16
153,4,1,197,291,94,1145,1461,1298,1033,280.97,298.72,290.21,274.47,282.62,294.62,326.14,331.63,329.6,325.59,331.14,328.27,-15.74,-4.01,17.76,5.5,12,-2.87,-0.05,0.2,0.05,-0.25,-0.15,4,4,4,0,0,370.77,372.85,370.39,373.94,378.82,382.44,-2.08,-2.47,3.62,-4.88,0.13,2518.25,1936.14,582.11,0.69,0.82,3941.36,4358,3002.14,3157.67,4.09,3,4.29,3.67,1200.33,939.22,5,44,38,28,4,0,4
154,4,1,537,386,-151,1358,1713,1805,1389,287.56,309.39,309.96,302.42,316.35,333.68,342.74,387.1,364,359.97,351.61,360.68,-7.54,-4.03,21.84,44.36,17.33,9.07,0.15,0.2,0,-0.05,-0.2,5,4,0,5,4,395.6,395,379.86,386.73,388.49,402.03,0.6,-15.14,13.54,-1.76,0.2,1301.88,1131,170.88,0.24,0.94,2711.5,2186.08,2237.63,4544,3.25,4.15,4.44,3,-2357.92,473.88,1,33,49,24,2,0,10
155,3,1,382,254,-128,1263,1683,1650,1576,425.17,430.67,422.03,410.27,427.31,409.34,438.48,443.1,437.18,466.62,511.64,496.14,-11.77,29.44,5.49,4.62,-17.97,-15.5,0.1,0.05,0.05,0.05,0,4,4,2,2,2,648.4,699.88,670.62,671.12,672.12,623.07,-51.47,-29.26,-49.05,-1,0.28,1691.09,1789.96,-98.87,0.12,0.93,2973.5,3523.07,2791.07,3963,2.5,3.87,3.86,3,-439.93,182.43,4,45,55,48,28,20,28
156,2,1,474,494,20,870,1430,1424,992,413.25,370.47,387.73,384.9,386.63,383.32,403.83,396.57,436.38,420.37,412.13,417.17,-2.84,-16.01,-42.78,-7.26,-3.31,5.03,0.2,0.1,0.25,0.1,0.15,3,6,2,1,4,395.08,394.95,424.51,420.98,405.3,409.53,0.13,29.56,4.23,15.68,0.23,1665.78,1370.97,294.81,0.59,0.88,3408.7,2269.14,2647.5,1945,3.9,3.29,4.29,3,324.14,761.2,11,36,38,39,40,12,30
157,4,1,103,-367,-470,2364,2155,1871,2387,292.73,297.37,300.1,320.57,309.34,304.4,315.87,342.93,336.77,322.47,325.5,317.86,20.47,-14.3,4.63,27.06,-4.94,-7.64,0.35,0.3,0.25,0.05,-0.05,6,8,5,1,3,303.92,314.79,318.27,317.03,318.26,320.02,-10.87,3.47,1.75,-1.23,0.13,5835.75,2563.85,3271.9,0.81,0.88,4694.15,6131,3561.67,3956.5,2.54,4.33,3.87,3.5,2174.5,1132.49,0,23,37,35,4,6,14
158,4,1,527,393,-134,1116,1672,1486,1258,380.38,359.68,422.07,366.48,359.71,373.22,379.54,377.36,377.8,368.82,361.45,372.04,-55.59,-8.98,-20.7,-2.18,13.51,10.59,0.4,0.3,0.1,0.1,-0.2,10,11,8,2,3,443.67,443.92,431.79,451.02,461.15,446.88,-0.25,-12.13,-14.27,-10.13,0.25,1554.2,1421.79,132.41,0.38,0.88,4486,4617.2,3561.2,4872,2,3.6,3.4,3.5,-254.8,924.8,4,24,27,29,8,4,14
159,4,1,472,570,98,1821,2476,2368,1882,473.85,417.67,433,411.79,418,429.11,408.57,375.69,370.82,361.97,389.27,369.45,-21.21,-8.85,-56.19,-32.88,11.11,-19.82,0.15,0.05,0.35,0.1,0.3,9,7,5,4,2,387.16,400.29,386.35,402.43,393.56,399.1,-13.13,-13.93,5.54,8.88,0.38,1513.5,1391.29,122.21,0.88,0.82,4152.6,6782,3803.79,7215,3.2,3,3.5,3.67,-433,348.81,15,44,64,51,10,6,6
160,4,1,-19,27,46,1992,1939,2156,2056,316.79,318.71,314.48,308.55,332.9,308.87,338.75,352.07,336.93,348.25,363.63,327.47,-5.93,11.32,1.92,13.32,-24.03,-36.16,0.25,0.3,0.05,-0.05,-0.25,4,8,3,1,5,385.27,386.83,385.66,403.92,396.03,390.35,-1.57,-1.17,-5.68,7.89,0.1,4604,4085.4,518.6,0.31,1,8336.2,4582,4132.06,,1.8,3.36,3.76,,,4204.14,0,32,34,24,2,4,10
161,4,1,186,173,-13,1234,1520,1572,1528,276.93,283.86,281.83,287.12,280.46,294.14,289.32,288.03,296.38,306.9,294.21,303.76,5.29,10.52,6.93,-1.29,13.68,9.55,0.3,0.4,0.25,-0.1,-0.15,8,7,0,8,7,326.44,318.22,328.59,334.75,335.32,339.24,8.23,10.37,3.93,-0.57,0.18,2078.5,1606.97,471.53,0.25,1,4340.75,3638.42,3819.12,,3.75,3.75,3.76,,,521.63,4,26,35,27,20,10,22
162,4,1,39,210,171,963,1306,1234,1146,344.31,337.93,340.03,338.43,335.31,325.97,356.21,357.93,350.74,350.68,360.48,365.97,-1.61,-0.06,-6.38,1.72,-9.34,5.48,0.15,0.25,0.2,-0.1,-0.05,3,3,1,2,2,324.87,336.73,337.67,337.9,340.76,338.15,-11.87,0.94,-2.61,-2.86,0.33,3840.92,2847.92,993,0.5,0.88,4367.38,5571.25,3130.33,5279,3.25,3.75,4.6,3.5,292.25,1237.04,17,37,47,59,6,2,16
163,4,1,223,350,127,1025,1532,1477,1282,436.43,443.9,429.07,440.8,421.76,433.14,536.96,513.29,514,535.46,505.93,519.63,11.73,21.46,7.47,-23.68,11.38,13.7,0.1,0.1,0.05,0,-0.05,3,1,1,2,0,481.02,478.66,490.51,511.53,488.36,509.15,2.36,11.85,20.79,23.17,0.15,2401,1369.12,1031.88,0.59,1,2643.9,3043.43,1678.53,,3.3,4,4.59,,,965.37,4,32,40,35,2,0,0
164,4,1,824,1038,214,1182,2253,2366,1359,434.97,430.37,435.46,428,442.07,425.93,402.83,387.57,416.07,389.76,384.72,390.73,-7.46,-26.31,-4.6,-15.26,-16.14,6.01,0,0.1,-0.05,-0.1,-0.15,5,4,2,3,2,480.67,460.18,487.39,540.97,554.33,514.7,20.49,27.21,-39.63,-13.37,0.18,1677.8,1370.13,307.68,0.56,0.88,2172.22,2313.86,1846.14,2316.5,2.33,3.43,3.86,2,-2.64,326.08,2,37,43,30,4,6,16
165,3,1,480,506,26,1232,1848,1539,1145,431.07,447.52,422.2,442.78,458.93,442.8,418.63,389.17,385.41,404.1,406.41,409.83,20.58,18.7,16.45,-29.46,-16.13,3.43,0.15,0.15,0.05,0,-0.1,7,9,7,0,2,401.73,399.29,389.76,424.05,439.39,422.85,2.44,-9.53,-16.55,-15.34,0.73,1379.93,1084.09,295.84,0.65,0.56,1888.55,2002,1881.67,2411.86,4.18,3.17,3.89,4,-409.86,6.88,7,61,63,56,26,24,28
166,4,1,51,269,218,1142,1468,1566,1360,315.14,316.45,304.6,316.29,316.35,313.27,295.66,298.52,306.97,298.63,293,293.75,11.69,-8.33,1.31,2.86,-3.08,0.75,0.25,0.15,0.15,0.1,0,7,4,2,5,2,286.17,294.12,286.14,307.92,306.5,301.76,-7.94,-7.98,-4.74,1.42,0.35,1302.36,1400.08,-97.72,0.53,0.71,2757.78,2791.38,2571.17,4079.8,3,3.88,3.92,3.2,-1288.43,186.61,2,34,63,24,4,8,20
167,3,1,463,254,-209,1491,1914,2027,1980,419.89,426.55,396.25,441.38,425.07,382.79,416.47,407.23,426.86,425.83,429.83,425.53,45.13,-1.03,6.66,-9.23,-42.28,-4.3,0.25,0.3,0.1,-0.05,-0.2,5,6,3,1,2,505.24,505.11,508.73,509.67,519.59,511.61,0.13,3.62,-7.98,-9.92,0,1911.62,1732.29,179.33,0.81,0.81,3605.23,4020,3377.46,4423.67,3.38,3.67,3.85,2.67,-403.67,227.77,14,48,50,34,24,30,36
168,2,1,377,288,-89,1915,2161,2012,1689,376.4,387.11,368.17,362.03,369.87,369.93,403.83,392.31,406.03,396.52,406.63,395.9,-6.14,-9.52,10.71,-11.52,0.06,-10.73,0.05,0.15,-0.05,-0.1,-0.2,4,4,4,0,0,434.74,441.72,457.48,446.34,460.49,445.1,-6.98,15.76,-15.39,-14.15,0.45,2253.11,2151.62,101.49,0.81,0.65,2627.77,2771,2517.09,3161.5,3.62,3.67,3.64,3.17,-390.5,110.68,14,47,48,39,22,10,14
169,4,1,446,441,-5,1476,1918,2131,1700,500.55,530.93,499.17,492.04,513.11,494,443.07,473.63,447.86,432.29,427.48,460.96,-7.14,-15.58,30.38,30.57,-19.11,33.48,0.1,0.1,0.2,0,0.1,4,6,3,1,3,457.25,464.52,503.68,510.51,516.03,522.22,-7.27,39.16,6.18,-5.53,0.45,2676.47,2637.64,38.83,1,1,4102.27,4156,4230.12,,3.53,,3.76,,,-127.85,9,55,67,60,6,6,8
170,4,1,390,295,-95,1168,1351,1370,965,465.79,415.7,425.59,466,407.87,431.43,476.37,497.41,482.79,477.74,494.11,449.21,40.41,-5.04,-50.09,21.04,23.57,-44.9,0,0.25,0.15,-0.25,-0.1,7,6,5,2,1,520.23,518.93,484.58,530.61,547.14,538.26,1.3,-34.35,-8.88,-16.54,0.25,1544.7,1330.9,213.8,0.56,1,2757.89,2412.29,2526.65,,2.89,2.86,4.18,,,231.24,2,35,40,33,6,0,4
171,4,1,377,729,352,1257,1849,2124,1253,385.79,359.46,392.28,392.57,405.89,388.89,406.9,398.37,406.07,396.1,387.07,387.96,0.29,-9.97,-26.33,-8.53,-17,0.9,0.1,0.4,0.2,-0.3,-0.2,3,4,3,0,1,437.79,447.08,425.29,438.77,445.66,450.35,-9.29,-21.79,4.69,-6.89,0.18,1873.71,1465.34,408.37,0.38,1,4159.5,3493.2,3316.41,,3,3.8,4.12,,,843.09,7,43,42,29,0,4,6
172,1,1,822,504,-318,1307,1985,1814,1495,307.8,338.67,335.67,352.39,338.82,336.55,351.93,345.79,346.79,338.8,330.21,346.29,16.72,-7.99,30.87,-6.14,-2.27,16.08,0.15,0.15,0.05,0,-0.1,1,1,1,0,0,387.38,381.74,385.17,388.02,396.27,414.1,5.64,3.43,17.83,-8.25,0.25,1490.11,1126.13,363.98,0.41,0.88,3718,3351.5,2907.79,5870,3.71,3.9,3.79,4.5,-2518.5,810.21,10,49,59,42,14,20,28
173,1,1,597,371,-226,879,1436,1598,1436,381.34,359.46,344.04,355.36,339.1,370.47,372.28,395.1,366.97,371.48,395.07,382.36,11.32,4.52,-21.88,22.82,31.36,-12.71,0,0,0,0,0,6,4,3,3,1,384.26,389.92,377.89,398.78,416.91,422.55,-5.66,-12.03,5.64,-18.13,0.23,1414.5,1271.83,142.67,0.24,0.94,2430.5,2106.08,1765.69,3592,2.5,3.77,3.81,3,-1485.92,664.81,6,37,48,53,14,16,12
174,4,1,1469,999,-470,1058,2236,2074,1264,424.97,422.37,388.86,415.07,406.87,404.76,535.69,538.9,545.1,553.07,553.63,554.41,26.21,7.97,-2.6,3.21,-2.11,0.78,0.3,0.3,0,0,-0.3,2,1,1,1,0,573.35,585.79,598.13,601.95,594.3,594.15,-12.44,12.34,-0.15,7.65,0.15,1556.83,1366.19,190.65,0.5,0.65,4862.13,4400.63,3338.27,4190.17,4.75,1.13,4.55,1,210.46,1523.85,0,25,24,22,0,0,0
175,4,1,802,628,-174,981,1658,1618,1042,356.85,337,378.86,328.69,334.63,343.34,362.86,390.9,368.76,353.32,388.38,371.45,-50.17,-15.44,-19.85,28.04,8.71,-16.93,0.3,0.2,0.15,0.1,-0.05,3,4,2,1,2,347.83,348.98,344.32,350.02,349.82,360.14,-1.15,-4.66,10.32,0.21,0.33,4521.15,5293,-771.85,0.56,0.53,3870,6412.43,6946.33,4382.5,4,3.86,3.78,3.63,2029.93,-3076.33,10,46,56,54,18,8,22
176,4,1,152,211,59,1046,1293,1264,1087,414.13,411,394.3,364.03,417.14,391.97,495.45,460.57,523.6,476.57,475.96,479.29,-30.27,-47.03,-3.13,-34.88,-25.17,3.32,0.2,0.25,0.1,-0.05,-0.15,7,5,5,2,0,470.59,461.08,480.76,464.52,449.13,500.7,9.51,19.68,51.57,15.39,0.3,2839.92,1931.54,908.38,0.47,0.82,4012.25,4075,3129.21,3815.33,2.38,3.78,3.43,3,259.67,883.04,12,53,62,56,20,10,32
177,4,1,280,261,-19,1685,1845,1832,1472,338.8,339.3,334.34,350.17,328.28,350.37,350.55,337.17,344.07,349.55,346,329.73,15.83,5.48,0.5,-13.38,22.09,-16.27,0.25,0.55,0.05,-0.3,-0.5,8,6,5,3,1,391.63,404.95,399.25,417.82,439,403.59,-13.32,-5.7,-35.41,-21.18,0.35,2329,2242,87,0.87,0.94,3544.92,2537.5,3911.63,3324,4.62,3.5,4.75,5,-786.5,-366.7,16,42,66,48,20,6,30
178,1,1,407,420,13,1210,1680,1719,1337,367.43,351.2,362.97,347.34,359.47,347.45,381.57,380.07,374.36,395.41,380.83,392.43,-15.62,21.06,-16.23,-1.5,-12.02,11.6,0,0.45,0.25,-0.45,-0.2,4,5,5,-1,0,422.92,457.48,424.66,435.27,434.5,426.75,-34.57,-32.83,-7.75,0.77,0.5,2557.2,2580.05,-22.85,0.24,1,4401.5,4358,3848.76,,3,3.15,3.18,,,552.74,13,46,59,68,20,26,30
179,1,1,719,343,-376,2447,2992,2652,2517,317.69,313.45,301.38,323.54,306.37,306.34,325.5,341.47,340.3,338.83,342.97,327.97,22.16,-1.47,-4.24,15.97,-0.02,-15,0.3,0.45,0,-0.15,-0.45,2,4,5,-3,-1,367.6,381.3,378.76,372.24,385.37,354.73,-13.7,-2.54,-30.65,-13.14,0.45,5462.94,3498.14,1964.8,0.73,0.82,7170.45,4985.25,5317.93,4884.33,3.27,3.5,3.64,3.67,100.92,1852.53,26,57,70,62,20,18,32
180,3,1,132,384,252,997,1334,1546,1122,415.86,407.9,386.93,399.33,407.14,385.6,466.67,477.69,488.18,462,490.78,422.69,12.4,-26.18,-7.97,11.02,-21.54,-68.09,0.15,0.4,0.15,-0.25,-0.25,7,7,1,6,6,445.69,437.2,428.6,431.36,429.74,434.6,8.5,-8.6,4.86,1.62,0.63,2010.08,1621.79,388.3,0.63,0.35,4527.6,4369.33,5338,4244.09,3.1,3.83,2.33,2.73,125.24,-810.4,7,49,49,47,34,20,30
181,4,1,367,531,164,809,1225,1356,707,362.15,365.96,327.07,348.15,330.77,369.46,305.44,376.15,345.56,351.82,327.79,369.21,21.08,6.27,3.82,70.71,38.69,41.42,0.45,0.3,-0.15,0.15,-0.45,3,6,2,1,4,348.98,375.26,375.08,379.48,374.35,383.25,-26.27,-0.17,8.9,5.13,0.45,1396.06,1460.19,-64.13,0.88,0.65,3182.71,2603,3315.64,4562.5,2,3,1.55,1.83,-1959.5,-132.92,22,55,59,61,14,14,20
182,1,1,81,231,150,1255,1447,1466,1198,296.14,303.83,294.8,303.1,304.14,296.55,321.4,311.14,314.04,308.07,314.54,318.19,8.3,-5.97,7.69,-10.26,-7.59,3.65,0.55,0.4,0.15,0.15,-0.25,6,6,3,3,3,306.07,305.5,291.33,298.07,306.82,305.26,0.57,-14.17,-1.56,-8.75,0.43,1666.56,1671.26,-4.7,0.75,1,4041.25,2912.75,2868.24,,3.17,3.75,4.29,,,1173.01,8,28,58,49,6,16,14
183,1,1,361,650,289,1155,1795,1786,1123,334.21,330.48,331.53,334.83,336.27,331.8,374.17,367.29,370.11,364.72,389.36,360.59,3.3,-5.38,-3.72,-6.89,-4.47,-28.77,0.1,0.35,0,-0.25,-0.35,10,4,3,7,1,396.92,417.2,410.03,408.02,392.69,380.47,-20.29,-7.17,-12.22,15.33,0.53,1849.95,1764.28,85.67,0.4,0.88,2116.67,2322.67,2180.27,3478,4.17,3.56,3.87,3.5,-1155.33,-63.6,22,60,59,66,20,18,26
184,1,1,279,261,-18,964,1342,1500,1345,349.59,341.86,363.53,362.1,357.86,347.55,378.77,371.5,379.57,385.5,394.14,354.47,-1.43,5.93,-7.72,-7.27,-10.31,-39.67,0.5,0.35,0,0.15,-0.35,4,4,2,2,2,357.97,374.41,379.56,391.19,383.32,390.27,-16.45,5.14,6.94,7.87,0.23,1578.25,1142.16,436.09,0.29,0.81,2223.4,2214.5,2014.54,3416.33,3.2,4.25,3.92,3,-1201.83,208.86,11,38,51,48,16,20,34
185,4,1,43,19,-24,613,607,666,619,312.33,324.85,337.07,333.31,327.77,339.27,375,361.79,388.8,390.72,394.21,405.13,-3.76,1.92,12.52,-13.21,11.5,10.92,0.2,0.35,0.05,-0.15,-0.3,6,6,2,4,4,351.11,348.34,350.24,363.06,359.36,360.57,2.77,1.9,1.22,3.71,0.28,1872.55,1813.83,58.72,0.24,0.94,5030,3889.85,3416.13,3980,3.25,4.08,4.25,3,-90.15,1613.88,13,40,60,58,12,14,14
186,1,1,277,337,60,989,1436,1256,1029,312.86,321.8,320.29,329.62,318.36,310.04,322.58,318.86,292.37,332.59,331.4,326.43,9.33,40.22,8.94,-3.72,-8.32,-4.97,0.3,0.45,0.05,-0.15,-0.4,9,8,4,5,4,603.31,634.53,629.51,652.67,722.66,650.51,-31.23,-5.03,-72.15,-69.98,0.18,1827.29,1195.44,631.85,0.31,0.94,3264.6,2156.82,2116.81,3365,3.8,4.27,3.94,3,-1208.18,1147.79,8,49,57,30,12,16,16
187,2,1,436,440,4,1036,1459,1372,896,351.24,357.77,371,349.03,352.14,360.33,361.72,372.79,374.03,353.24,359.14,372.5,-21.97,-20.79,6.53,11.06,8.2,13.36,0.35,0.25,0.05,0.1,-0.2,9,5,1,8,4,364.18,368.17,365.79,379.69,382.25,391.47,-3.99,-2.38,9.21,-2.57,0.58,1296,1397.88,-101.88,0.88,0.81,2692.57,2919,2679,3099.33,3.5,4.5,2.54,3.67,-180.33,13.57,19,63,74,57,22,6,20
188,2,1,51,428,377,2108,2377,2442,1864,374.86,374.38,386.1,381.4,372.56,366.6,337.83,345.41,328.83,321.27,338.1,354.37,-4.7,-7.57,-0.48,7.58,-5.96,16.27,0.3,0.3,0.05,0,-0.25,4,4,1,3,3,357.86,347.9,365,365.19,366.81,375.43,9.95,17.1,8.62,-1.62,0.28,1849.64,1638.37,211.27,0.63,0.71,4065.1,3881.67,3274.33,5445.4,3.1,3.83,3.17,3.6,-1563.73,790.77,28,62,59,55,38,10,22
189,4,1,374,103,-271,1343,1430,1424,1307,377.24,358.5,355.61,373.59,366.41,373.17,350.14,366.24,340.03,356.37,354.93,355.7,17.98,16.33,-18.74,16.1,6.75,0.78,0.15,0.1,0.15,0.05,0.05,4,7,5,-1,2,385.16,376.7,382.62,398.17,398.29,396.93,8.46,5.92,-1.36,-0.12,0.6,1208.7,1231.81,-23.12,0.75,0.53,4679.67,5021.25,4371.22,4657.13,3.5,3,3.33,3.75,364.13,308.44,24,59,71,49,10,14,26
190,2,1,639,912,273,1584,2495,3145,2279,663.77,669.31,630.89,673.22,660.5,608.85,508.45,522.87,544.97,501.03,528.93,505.53,42.33,-43.93,5.54,14.42,-51.65,-23.4,-0.05,0.1,0,-0.15,-0.1,4,8,2,2,6,456.08,412.92,426.9,449.97,454.08,456.22,43.16,13.98,2.13,-4.12,0.48,2076.61,2163.48,-86.87,0.69,0.65,3882.09,3970,4031.73,4214.67,4,4.2,3.27,4,-244.67,-149.64,7,49,69,63,24,12,16
191,3,1,324,189,-135,1127,1327,1333,1153,348.69,341.13,318.97,334.63,339.6,321,355.23,352,358.69,361.71,384.9,366.07,15.67,3.02,-7.56,-3.23,-18.6,-18.83,0,0.3,0.35,-0.3,0.05,4,4,3,1,1,489,501.79,479.69,485,485.1,504.03,-12.79,-22.09,18.93,-0.1,0.43,1383.31,1696.22,-312.9,0.53,0.65,3318.22,2791.63,3655.45,2613,3.33,3.75,3.36,3.67,178.63,-337.23,19,57,61,52,24,20,34
192,2,1,503,225,-278,1673,1948,1867,1687,372.34,383.43,382.6,384.31,391.42,378.24,400.15,394.82,400.89,398.03,391.52,381.62,1.71,-2.86,11.08,-5.33,-13.18,-9.9,0.3,0.3,0.25,0,-0.05,4,5,5,-1,0,441.73,434.78,436.1,462.12,447.8,445.84,6.96,1.32,-1.96,14.32,0.58,1768.91,1735.69,33.22,0.44,0.82,3519,5106,3030.29,6172,2.86,2.67,3.86,3.67,-1066,488.71,10,42,65,59,42,4,22
193,3,1,376,106,-270,1926,2075,2022,1962,348.79,367.89,366.86,349.75,370.38,352.3,359.07,386.11,379.64,372.79,372.03,396.1,-17.11,-6.85,19.1,27.04,-18.08,24.07,0.3,0.5,-0.15,-0.2,-0.65,10,6,4,6,2,398.86,397.98,373.79,397,396.65,405.27,0.87,-24.19,8.62,0.35,0.5,2719.4,2389.55,329.85,0.47,0.56,3478.5,3131.11,3331.78,3171.29,3.13,2.89,3,3.57,-40.17,146.72,13,56,74,46,22,16,32
194,3,1,246,149,-97,1480,1750,1476,1446,381.07,371.17,380.23,367.97,369.1,375.47,361.55,364,363.32,349.83,356.34,346.6,-12.27,-13.49,-9.9,2.45,6.36,-9.74,0.2,0.1,0.05,0.1,-0.05,4,7,5,-1,2,380.39,400.46,383.17,398.98,398.13,410.81,-20.07,-17.29,12.68,0.85,0.25,1611.78,1363.62,248.16,0.76,0.94,3391.77,4186.25,3142,2779,3.38,3.25,3.33,3,1407.25,249.77,18,47,32,64,,,
195,1,1,193,259,66,987,1248,1162,899,314.9,311.03,307,309.19,304.72,303.45,289.4,289.76,288,289.41,292.17,289.37,2.19,1.41,-3.86,0.36,-1.28,-2.81,0.25,0.55,0.3,-0.3,-0.25,6,6,3,3,3,337.6,344.11,344.46,348.4,356.67,347.64,-6.51,0.35,-9.02,-8.27,0.18,3247.33,2438.69,808.65,0.13,1,3105,2872.64,2133.12,,1.5,3.79,3.59,,,971.88,2,38,52,27,16,22,14
196,2,1,106,237,131,1340,1584,1673,1445,473.73,486.17,478.03,487.21,479.25,478.73,472.73,497.07,464.14,475.5,467.93,473.47,9.18,11.36,12.43,24.33,-0.52,5.53,0.35,0.1,-0.15,0.25,-0.25,9,6,4,5,2,672.69,636.93,639.89,726.16,732.43,694.57,35.76,2.95,-37.85,-6.27,0.43,1755.53,1803.77,-48.24,0.88,0.12,3560.79,5332.5,6586,3654.2,3.79,4.5,3,3.87,1678.3,-3025.21,25,71,63,54,40,4,30
197,1,1,70,-57,-127,688,663,796,893,376.5,375.07,398.11,398.1,392.9,394.07,389.75,421.39,386.36,404.43,408.28,385.5,0,18.07,-1.43,31.64,1.17,-22.78,0.05,0.15,0.4,-0.1,0.25,3,3,2,1,1,445.23,428.41,437.53,451.87,446.47,494.15,16.83,9.13,47.68,5.4,0.4,1889.47,1824.13,65.34,0.5,0.81,3629.63,2867.13,3861.77,3064.67,3.38,3.63,3.38,4.33,-197.54,-232.14,23,63,79,42,14,16,20
198,4,1,378,199,-179,1116,1415,1274,1171,363.17,364.34,353.8,364.07,365.87,354.14,375.43,351.2,367.37,366.45,357.63,356.23,10.27,-0.92,1.17,-24.23,-11.73,-1.4,0.1,0.35,0.45,-0.25,0.1,6,10,5,1,5,345.44,367.63,357.15,367.27,375.63,383.18,-22.2,-10.48,7.55,-8.36,0.7,1556.04,1684.33,-128.3,0.76,0.69,2853.54,3070.25,3671.55,3953,3.85,3.75,3,3,-882.75,-818.01,29,59,61,49,20,12,42
199,1,1,540,271,-269,1693,2259,2246,2252,297.24,295.03,291.77,299.67,297.78,297.38,283.43,290.83,276.72,291.33,281.62,293.1,7.9,14.61,-2.21,7.39,-0.4,11.48,0.45,0.45,0.3,0,-0.15,6,7,3,3,4,309.17,306.81,316,323.66,320.51,325.4,2.36,9.19,4.89,3.15,0.28,2560.9,1722.89,838.01,0.88,0.94,3395.14,5889,3002,8137,3.93,3,4.25,4,-2248,393.14,9,47,53,72,20,26,42
200,1,1,799,546,-253,1828,2568,3257,2989,327.07,335.9,314.63,344.31,357.56,322.11,357.93,362.56,344,355.67,375.54,339.73,29.68,11.67,8.83,4.63,-35.45,-35.81,0.2,0.3,0.25,-0.1,-0.05,6,4,2,4,2,448.22,441.02,442.57,473.13,455.26,460.75,7.2,1.56,5.49,17.87,0.4,2206.56,1578.04,628.52,0.59,0.75,3523.6,3662.71,2348.42,3498,3.5,4,3.92,3.5,164.71,1175.18,7,47,59,51,20,16,20
201,3,1,389,303,-86,1720,2067,2063,1807,392.55,394.63,404.97,380.66,381.46,396.97,411.83,415.11,433.19,421.59,455.33,436.87,-24.31,-11.6,2.08,3.28,15.5,-18.47,0.15,0.25,-0.15,-0.1,-0.4,3,4,2,1,2,552.1,558.74,578.24,577.24,570.8,571.75,-6.63,19.5,0.95,6.45,0.23,2022.78,2000.2,22.58,0.81,0.94,3651.62,4555.33,2871.06,1991,3.31,2.67,4.25,2,2564.33,780.55,19,50,69,61,28,16,38
202,2,1,46,114,68,786,892,1070,950,350.77,319.97,332.27,339,343.72,332.77,337.93,336.5,344.61,365.07,328.43,356.47,6.73,20.46,-30.8,-1.43,-10.95,28.03,0,0.15,0.15,-0.15,0,4,7,7,-3,0,348.64,353.22,358.71,369.57,370.97,367.31,-4.58,5.49,-3.66,-1.39,0.25,1950.8,2027.93,-77.13,0.76,0.69,3196.69,2384,3406.91,2314,2.85,3.25,3.45,3.8,70,-210.22,9,53,47,71,24,2,10
203,1,1,607,294,-313,1533,1998,1618,1512,338.3,322.75,327.97,309.17,315.3,317.48,379.9,364.93,370.43,383.57,370.63,375.93,-18.79,13.14,-15.55,-14.97,2.18,5.3,0.1,-0.05,0.1,0.15,0.15,7,6,3,4,3,354.02,344.05,340.77,361.77,357.87,362.36,9.97,-3.28,4.49,3.91,0.05,2773.5,1683.11,1090.39,0.47,1,4564.38,3952.22,3185.63,,4,4.78,4.75,,,1378.75,9,37,64,38,6,22,14
204,2,1,491,343,-148,1759,2057,2000,1596,353.52,349.5,340.27,341.52,337.82,362.7,362.38,366.07,363.16,352.31,381.75,352.3,1.25,-10.85,-4.02,3.69,24.88,-29.45,0.5,0.25,-0.05,0.25,-0.3,3,3,4,-1,-1,393.37,407.75,392.61,444.24,412.19,428.84,-14.39,-15.14,16.66,32.05,0.28,1829.6,2035.24,-205.64,0.56,0.88,2678.56,2474.86,2037.4,2892.5,4.11,3.43,3.6,4.5,-417.64,641.16,14,52,71,71,24,8,30
205,3,1,109,73,-36,482,496,676,546,670.85,484.08,541.43,532.68,485.68,531.34,648.23,500.29,535.34,693.96,651.12,581.22,-8.75,158.62,-186.77,-147.95,45.67,-69.89,0.15,0.2,-0.05,-0.05,-0.25,1,6,0,1,6,623.44,658.25,622.94,583.34,634.29,611.79,-34.81,-35.31,-22.49,-50.94,0.5,1188.47,1242.61,-54.14,0.47,0.63,1074.5,823,1321.9,871.17,3.5,1.89,4,2.67,-48.17,-247.4,30,54,52,59,26,26,24
206,2,1,246,592,346,1222,1816,1711,1119,350.38,340.47,342.82,335.07,322.48,333.14,331.39,344.07,339.45,334.69,331.2,328.3,-7.75,-4.76,-9.91,12.67,10.66,-2.9,0.05,0.2,0.15,-0.15,-0.05,4,4,4,0,0,409.95,397.81,403.98,411.54,417.59,422.25,12.14,6.17,4.66,-6.05,0.4,1827.44,1704.5,122.94,0.6,0.88,2342.78,2078.83,2065.07,4050,3.11,4.67,3.73,3,-1971.17,277.71,12,39,63,33,22,6,4
207,1,1,530,542,12,1920,2374,2285,1648,634.26,567.11,677.97,601.3,615.86,727.31,585.53,555.13,584.67,596.83,572.69,641.33,-76.67,12.16,-67.15,-30.4,111.45,68.64,0.2,0.2,0,0,-0.2,1,1,1,0,0,514.64,527.6,494.66,516.75,538.85,529.29,-12.96,-32.95,-9.56,-22.1,0.05,4075.5,2413.65,1661.85,0.35,0.88,5459.67,5277.64,4375.5,8549.5,3.33,4.36,4.21,4,-3271.86,1084.17,5,48,44,36,,,
208,3,1,415,519,104,1512,2122,2464,2075,477.72,476.03,479.48,517.31,459.03,467.59,458.63,479.7,489.89,475.03,472.76,460.76,37.83,-14.86,-1.69,21.07,8.55,-12,0.1,0.35,-0.05,-0.25,-0.4,0,1,0,0,1,523.51,516.84,516.02,536.02,538.39,555.52,6.67,-0.82,17.12,-2.38,0.43,2101.75,2495.57,-393.82,0.47,0.71,3556.5,2992.67,3520,3580.8,4,4.11,4.25,3.8,-588.13,36.5,24,48,49,37,28,28,6
209,1,1,232,462,230,1549,1894,1792,1210,327.41,329.7,319.55,321.79,331.54,324.76,292.52,295.46,300.93,283.36,332.87,306.77,2.24,-17.57,2.29,2.94,-6.78,-26.1,0.3,0.15,0.2,0.15,0.05,8,6,2,6,4,327.71,330.36,309.08,333.81,344.45,358.69,-2.64,-21.28,14.23,-10.65,0.68,1005.5,1045.83,-40.33,0.65,0.63,2428.36,2613.67,2179.2,2471.67,4,3.67,3.9,3.83,142,249.16,40,72,77,76,12,24,34
210,3,1,491,476,-15,1085,1585,1866,1415,327.27,323.86,329.07,327.28,309.19,325.93,441.07,448.11,447.45,420.88,438.53,447.28,-1.79,-26.56,-3.41,7.04,16.75,8.74,0,0.25,0.15,-0.25,-0.1,6,8,5,1,3,394.71,403.75,400,438.62,440.75,420.24,-9.04,-3.75,-20.51,-2.14,0.35,2391.15,2090.81,300.35,0.53,0.94,3000.56,3412.13,2439.75,2868,3.56,3.63,4.13,3,544.13,560.81,15,54,58,59,28,26,36
211,4,1,333,170,-163,1256,1489,1425,1316,277.17,296.73,298.69,285.07,277.48,278.57,367.1,354.59,359.41,348.64,351.87,332,-13.62,-10.76,19.56,-12.51,1.09,-19.87,0.2,0.2,0.3,0,0.1,6,5,1,5,4,323.4,318.6,323.47,332.83,333.26,324.69,4.8,4.88,-8.57,-0.43,0.28,1448.78,1284.17,164.61,0.53,0.88,2809.78,2577,2020.21,1884.5,3.56,3.88,4.07,3.5,692.5,789.56,7,44,41,40,18,6,20
212,1,1,176,170,-6,887,1089,1294,1149,392.03,379.1,397.66,372.32,399.57,381.4,391.55,388.93,371.69,381.72,391.64,378.41,-25.33,10.03,-12.93,-2.63,-18.17,-13.23,0,0.25,-0.05,-0.25,-0.3,1,0,1,0,-1,390.94,382.71,403.82,410.98,434.47,414.43,8.23,21.11,-20.03,-23.48,0.48,1384.63,1477.48,-92.84,0.76,0.25,3393.69,3557.75,4032.25,3315.58,4.23,4.5,3.5,3.92,242.17,-638.56,16,59,70,55,14,28,26
213,1,1,196,491,295,1460,1692,1685,980,303.59,348.24,329.23,334.97,329.75,339.14,310.5,318.27,320.04,318.1,321.19,311.76,5.73,-1.93,44.65,7.77,9.39,-9.43,0.15,0.1,0.35,0.05,0.25,6,6,2,4,4,380.88,363.57,373.36,381.26,381,389.59,17.3,9.78,8.59,0.26,0.28,1513.27,1225.96,287.31,0.12,0.94,3077,3226,2154.13,2439,2.5,3.47,3.94,2,787,922.88,9,30,42,36,8,24,28
214,3,1,704,634,-70,1419,2073,2098,1478,357.4,376.21,370.8,382.34,371.3,358.87,399.83,415.1,403,399.34,399.43,391.6,11.54,-3.66,18.81,15.27,-12.43,-7.83,0.35,0.3,0.4,0.05,0.1,4,9,5,-1,4,401.31,390.47,405.62,416.71,433.89,432.72,10.84,15.16,-1.16,-17.18,0.4,1605.44,1602.04,3.39,0.71,0.76,3062.83,2905.4,3395.38,3287.75,4.08,3.4,4,2,-382.35,-332.55,11,50,49,46,,,
215,2,1,280,143,-137,983,1226,1089,1039,298.52,299.3,299.04,291.28,286.78,293.54,330.04,325.45,330.63,330.93,323.54,312.81,-7.76,0.3,0.78,-4.59,6.76,-10.72,0,0.05,0,-0.05,-0.05,0,1,0,0,1,365.58,326.97,373.24,374.15,369.6,368.23,38.61,46.27,-1.37,4.55,0.5,1555.05,1348.63,206.42,0.82,0.18,2621.64,2429,2066.67,2662.64,4,4,4,4,-233.64,554.98,33,60,61,67,32,2,4
216,3,1,270,527,-257,957,1892,1499,1406,405.13,387.52,418.21,427.13,391.66,374.21,418.17,425.5,428.1,402.38,429.86,421.97,8.93,-25.72,-17.62,7.33,-17.44,-7.9,0.25,0.2,-0.05,0.05,-0.25,5,2,1,4,1,403.76,420.33,421.42,415.39,420.75,406.93,-16.57,1.09,-13.82,-5.37,0.28,1348.44,1138.28,210.16,0.65,0.88,3678.36,3563.67,3213.07,3528.5,5,5,5,5,35.17,465.3,9,39,57,36,30,28,40
217,3,1,235,193,-42,1057,1226,1333,1114,332.77,333.62,343.63,329.53,345.9,332.93,372.19,360.46,381.07,361.27,364.63,359.31,-14.1,-19.8,0.85,-11.73,-12.97,-5.32,0.1,0.35,0,-0.25,-0.35,7,6,6,1,0,716.92,650.77,672.35,719.49,653.97,691.57,66.15,21.58,37.61,65.53,0.15,1605.17,1158.15,447.02,0.76,0.35,3123.77,3207,4301.67,2894.45,4.23,4,3.17,3.64,312.55,-1177.9,37,63,69,78,36,26,34
218,3,1,532,129,-403,2693,2647,2756,2475,375.66,362.9,372.11,358.33,366.96,368.67,370,356.34,361.43,354.03,347.28,363.76,-13.77,-7.4,-12.76,-13.66,1.7,16.48,0.15,0.25,0.05,-0.05,-0.2,5,6,3,0,0,414.93,451.21,436,436.98,459.02,455.31,-36.28,-15.21,-3.71,-22.03,0.6,1331.26,1306.69,24.57,0.76,0.81,4760.77,5163.5,4122.85,5800,4,2.75,2.77,2.33,-636.5,637.92,19,69,67,36,22,16,38
219,2,1,187,347,160,1368,1532,1696,1161,264,248.5,252.57,247.96,252.24,261.04,291.43,279.19,290.53,291.15,294.17,284.43,-4.61,0.61,-15.5,-12.24,8.8,-9.74,0.3,0.5,0.15,-0.2,-0.35,7,7,3,4,4,376.82,379.13,365.29,384.62,363.77,372.7,-2.31,-13.85,8.93,20.86,0.4,2851.13,2464.58,386.54,0.65,0.47,3324.09,3548.5,3583.5,3684.56,3.18,3.33,3,3.67,-136.06,-259.41,17,58,60,44,28,12,26
220,2,1,505,419,-86,1125,1639,1551,1229,343.76,334.83,343.28,340.47,323.3,338.13,371.48,385.79,355.86,353.21,383.37,363.3,-2.81,-2.65,-8.93,14.31,14.83,-20.07,0.15,0.25,0.1,-0.1,-0.15,5,7,2,3,5,398.13,412.51,409.12,412.27,413.87,411.65,-14.38,-3.39,-2.22,-1.6,0.3,2237.92,1855.07,382.84,0.59,0.76,3634.2,2832.57,3281.62,2974.25,2.8,3,3.92,2.25,-141.68,352.58,7,49,61,22,28,8,32
221,4,1,837,967,130,1494,2314,2761,1659,436.83,470.07,459.5,438.25,444.2,435.56,447.77,442.6,399.11,401.38,474.41,433.04,-21.25,2.28,33.24,-5.17,-8.64,-41.37,0.15,0.3,0.2,-0.15,-0.1,5,6,2,3,4,590.07,631.47,615.57,616.95,599.03,575.17,-41.4,-15.9,-23.87,17.92,0.48,2971.21,3783.15,-811.94,0.53,0.93,2990,3804.5,3373.93,3290,3.78,3.63,3.43,3,514.5,-383.93,21,57,67,65,18,14,28
222,2,1,710,861,151,1645,2641,2836,2114,360.27,355.33,366.17,346,358.28,358.93,376.86,408.93,391.14,385.72,391.79,396.9,-20.17,-5.41,-4.93,32.07,0.66,5.11,0.15,0.35,0.1,-0.2,-0.25,5,7,3,2,4,402.59,418.05,413.36,436.87,439.37,446.83,-15.45,-4.69,7.46,-2.5,0.5,3097.74,4340.55,-1242.81,0.76,0.71,4138.46,4512.25,4035.42,4100.2,2.85,1.5,2.25,2.8,412.05,103.04,12,61,67,50,24,12,32
223,2,1,122,235,113,1585,1739,1748,1446,329.7,332.48,314.61,331.24,327.41,322.48,387.55,352.47,376.93,375.17,362.36,379.04,16.63,-1.76,2.78,-35.09,-4.93,16.68,0.15,0.25,-0.2,-0.1,-0.45,5,4,6,-1,-2,627.32,529.11,599.56,584.48,552.27,584.66,98.21,70.45,32.39,32.21,0.33,2359.77,3154.54,-794.77,0.18,0.6,3077.67,3747.36,2834.78,2886.67,3,4.43,4.33,3,860.69,242.89,12,42,52,35,22,10,30
224,4,1,394,434,40,1137,1490,1411,916,369.21,381.03,375.21,357.45,362.1,375.6,459.33,432.26,448.43,443.3,433.48,439.14,-17.77,-5.13,11.83,-27.07,13.5,5.66,0.3,0.45,0.35,-0.15,-0.1,6,10,6,0,4,371.79,360.05,356.5,394.56,401.16,383.98,11.75,-3.55,-17.18,-6.6,0.2,1284.5,1096.77,187.73,0.13,1,2153,2464.36,2279.24,,4.5,3.64,3.94,,,-126.24,0,28,26,22,16,14,24
226,2,1,894,369,525,1172,2009,1368,1458,396.21,393.55,392.83,377.57,380.6,379.93,393.43,431.07,388.57,408.59,416.37,397.97,-15.26,20.02,-2.66,37.64,-0.67,-18.4,-0.1,0.3,0.1,-0.4,-0.2,1,4,0,1,4,436.36,435.41,435.85,476.89,479.25,478.08,0.95,0.45,-1.17,-2.37,0.48,1405.05,1307.74,97.32,0.53,0.71,2234.11,2535.25,2546.83,2871.2,3.89,4.38,4.33,3.6,-335.95,-312.72,21,55,71,54,30,10,28
227,2,1,264,358,94,1299,2051,1740,1751,368.33,340.77,359.5,347.13,359.6,362.67,459,452.86,466.86,480.3,439.5,426.03,-12.37,13.44,-27.57,-6.14,3.07,-13.47,0.35,0.35,0,0,-0.35,5,8,4,1,4,420.11,431.42,405.56,430.35,434.05,424.97,-11.31,-25.86,-9.08,-3.69,0.4,4984.53,3228.75,1755.78,0.65,0.81,6082.91,6117.33,5620.54,5460,3.18,3.5,3.46,3.33,657.33,462.37,30,53,68,68,30,10,24
228,2,1,474,560,86,981,1514,1721,1128,478.4,468.9,489.33,484.33,483.43,464.73,497.34,496.07,492.75,490.23,480.45,491.4,-5,-2.52,-9.5,-1.28,-18.7,10.95,0.3,0.4,-0.05,-0.1,-0.45,8,1,2,6,-1,537.34,532.3,510.05,513.32,522.67,534.68,5.04,-22.25,12.01,-9.35,0.9,1002.49,928.25,74.24,0.94,0.19,2397.75,4483,3173.33,2502.85,3.75,3,3,3.92,1980.15,-775.58,34,63,66,64,28,10,28
401,4,2,194,119,-75,1029,1287,1284,1304,353.2,350.52,356.07,351.55,354.4,349.79,365.47,383.45,373.18,364.67,371.97,370.36,-4.52,-8.51,-2.68,17.98,-4.61,-1.61,0.2,0.25,0.2,-0.05,-0.05,7,5,1,6,4,403.31,409.23,392.46,421.87,409.81,414.79,-5.92,-16.77,4.98,12.06,0.24,1398.22,1202.79,195.43,0.41,0.81,4328.86,4393.1,3734.08,5046.67,3.14,3.5,4.23,3.33,-653.57,594.78,5,34,39,29,6,4,22
402,4,2,717,550,-167,1042,1770,1547,1162,360.48,348.8,351.1,341.21,342.37,358.31,358.25,359.46,367.59,351.37,352.67,352.14,-9.89,-16.22,-11.68,1.21,15.94,-0.53,0.1,0.2,0.2,-0.1,0,4,5,4,0,1,351.8,351.97,354.15,373.13,390.72,365.02,-0.17,2.18,-25.7,-17.59,0.28,1168.73,1066.36,102.37,0.44,0.94,1967.71,2168.33,1674.75,2537,2.57,3.22,3.5,3,-368.67,292.96,0,35,49,43,4,2,24
403,4,2,315,578,263,1117,1581,1715,1029,350.21,339.38,331.7,318.39,324.53,327.3,352.14,365.3,371.66,362.52,348.89,344.04,-13.31,-9.14,-10.83,13.16,2.77,-4.85,0.3,0.2,0.2,0.1,0,10,6,1,9,5,407.56,410.33,390.18,402.77,411.92,406.93,-2.77,-20.15,-4.99,-9.15,0.13,1654.2,1124.74,529.46,0.25,1,1995.75,1896.67,1722.71,,2.25,3.92,4.71,,1896.67,273.04,1,28,35,30,2,0,18
404,4,2,-12,186,198,2047,1832,2161,1586,378.15,388.17,384.43,395.79,385.1,383.41,485.86,469.79,520.25,486.83,461.28,446.29,11.36,-33.42,10.02,-16.07,-1.69,-14.99,-0.1,0.2,0.15,-0.3,-0.05,5,8,2,3,6,483.75,465.78,443.23,484.76,477.6,461.19,17.97,-22.55,-16.41,7.16,0.4,1594.13,1250.17,343.96,0.81,0.81,3107.08,5084.33,2543.08,4343.33,2.54,4,4.08,3.33,741,564,12,54,67,40,14,8,46
405,4,2,426,430,4,1417,2096,1630,1428,414.97,406.07,394.57,399.13,404.23,412.03,465.41,492.75,484.66,434.59,448.62,479.21,4.56,-50.07,-8.9,27.34,7.8,30.59,0.15,0.5,0.45,-0.35,-0.05,4,5,3,1,2,424.08,432.23,414.69,432.44,423.32,438.05,-8.15,-17.54,14.73,9.12,0.21,2832.5,1650.2,1182.3,0.24,0.94,5844,4229.46,3505.5,6736,3.5,4.08,4.38,3,-2506.54,2338.5,1,26,34,23,0,0,14
406,4,2,274,109,-165,1893,1546,1984,1448,362.57,369.87,379.43,367.59,385.68,366.3,356.82,363.6,363,352.43,369.96,360.07,-11.84,-10.57,7.3,6.78,-19.38,-9.89,0.1,0.15,0.2,-0.05,0.05,4,4,3,1,1,428.49,422.27,425.31,433.85,432.1,411.41,6.22,3.04,-20.69,1.75,0.51,2172.45,1998.47,173.98,0.25,0.71,2887.75,4283.92,3822.58,3381.4,3,4.08,3.92,4,902.52,-934.83,12,61,51,39,6,0,14
407,4,2,483,354,-129,2074,2394,2398,2013,388.41,387.53,402.24,396,373.62,383.86,418.82,425.03,414.23,417.13,400.5,441.73,-6.24,2.9,-0.88,6.21,10.24,41.23,0.35,0.05,0.3,0.3,0.25,5,3,2,3,1,511.8,495.13,519.81,555.9,552.02,556.37,16.67,24.68,4.35,3.88,0.26,2357.6,2638.75,-281.15,0.63,0.76,6673.4,9681.5,6805.69,10787.25,4.7,4.5,4.08,4.75,-1105.75,-132.29,14,43,71,43,4,2,32
408,4,2,435,248,-187,2085,2320,2296,2034,417.93,409.17,404.93,400.57,417.6,396.03,398.3,386.17,382.57,372.8,387.97,382.77,-4.36,-9.77,-8.76,-12.13,-21.57,-5.2,0.15,0.3,0.15,-0.15,-0.15,5,4,4,1,0,390.19,402.84,386.45,415.92,416.08,406.75,-12.65,-16.39,-9.33,-0.16,0.05,1200,1272.22,-72.22,0.56,1,3744,2971.29,2251.88,,2.33,3.57,4.53,,2971.29,1492.12,5,34,36,45,0,0,16
409,4,2,682,547,-135,1734,2325,2096,1574,322.76,314.43,320.93,306.57,332.45,316.52,358.77,345.4,349.72,359.59,355.77,352.17,-14.36,9.87,-8.33,-13.37,-15.93,-3.6,0.3,0.2,0.15,0.1,-0.05,3,2,4,-1,-2,357.87,345.31,349.4,373.21,367.14,378.73,12.56,4.09,11.59,6.07,0.45,2609.17,1971.23,637.94,0.63,0.82,2899.3,3852.67,3288.57,4899.67,3.4,3.67,3.64,2.67,-1047,-389.27,15,51,51,51,10,10,40
410,4,2,485,338,-147,1553,2038,2008,1828,413.55,385.89,396.86,428.4,381.47,395.79,422.17,392.97,420.6,398.5,431.34,409.97,31.54,-22.1,-27.66,-29.2,14.32,-21.37,0,0.05,0.3,-0.05,0.25,5,9,3,2,6,370.08,385.25,381.32,397.32,393.18,388.97,-15.17,-3.93,-4.21,4.14,0.41,1829.56,1534.39,295.17,0.69,0.88,2601.45,2700,2305.2,3762,3.45,4,3.6,3.5,-1062,296.25,7,38,56,57,4,4,34
411,4,2,213,412,199,1026,1619,1461,1233,346.47,337.28,335.83,352.07,321.68,337.86,350.61,368,350.17,350.38,353.93,370.24,16.24,0.21,-9.19,17.39,16.18,16.31,0.4,0.4,0.15,0,-0.25,6,7,3,3,4,386.64,368.37,372.73,400.02,391.34,400.37,18.27,4.36,9.03,8.68,0.41,2417.5,2458.43,-40.93,0.6,0.88,3326.33,3583.5,5034.6,2356.5,3.67,3.17,3.27,4,1227,-1708.27,14,49,62,70,4,4,32
412,4,2,26,27,1,968,1012,997,986,389.87,378.47,383.34,393.27,376.41,353.55,375.7,380.28,365.55,372.2,382,384.24,9.93,6.65,-11.4,4.58,-22.86,2.24,-0.05,0.2,0.1,-0.25,-0.1,2,3,3,-1,0,375.51,370.78,369.77,388.13,381.77,381.05,4.73,-1.01,-0.72,6.36,0.53,916.14,911.68,4.46,0.76,0.65,2159.15,2411.5,2275.73,2476.83,3.85,3.75,3.55,4,-65.33,-116.58,32,59,67,61,30,16,40
413,4,2,127,433,306,1366,1763,1697,1233,361.31,365.68,362.07,367.71,388.74,390.45,394.4,406.19,365.11,426.68,405.03,390.76,5.64,61.57,4.37,11.79,1.71,-14.27,0.6,0.4,0.25,0.2,-0.15,5,6,5,0,1,383.71,386.28,381.84,410.46,389.5,380.82,-2.57,-4.44,-8.68,20.96,0,,1253.18,,0.19,1,2035,1908.77,1678.82,,3.33,4,3.94,,1908.77,356.18,16,45,47,42,8,6,28
414,4,2,426,464,38,1314,2243,1877,1851,383.86,380.97,370.2,352.46,366.79,350.07,387,371.21,381.03,403.23,403.63,380.45,-17.74,22.2,-2.89,-15.79,-16.72,-23.18,0.1,0.35,0.15,-0.25,-0.2,6,4,1,5,3,477.57,492.94,503.74,486.17,505.84,497.39,-15.37,10.8,-8.45,-19.67,0.21,3316.25,2228.52,1087.73,0.38,0.82,4570.5,2642.5,2275.14,5014.67,4,4.8,4.86,3,-2372.17,2295.36,0,27,42,31,2,0,16
415,4,2,274,394,120,1309,1719,1828,1458,510.86,519.14,530.13,488.93,496.71,530.86,562.33,577.04,526.67,535.46,595.04,520.14,-41.2,8.79,8.28,14.71,34.15,-74.9,0,0.05,0.1,-0.05,0.05,3,1,0,3,1,649.69,650.07,634.97,631.2,655.33,634.9,-0.38,-15.1,-20.43,-24.13,0.59,1734.17,2175.13,-440.96,0.71,0.59,2762.08,2836,3167.8,3048,3.58,3.8,3.3,3.43,-212,-405.72,6,43,60,40,10,8,20
416,4,2,369,248,-121,1106,1640,1501,1557,500.79,466.15,483.52,508.89,537.45,466.5,610.67,656.76,557.34,602,542.41,570.8,25.37,44.66,-34.64,46.09,-70.95,28.39,0.1,-0.05,0.05,0.15,0.1,2,0,1,1,-1,392.07,406.07,398.64,404.7,446.33,440.96,-14,-7.43,-5.37,-41.63,0.28,1153.36,1051.64,101.72,0.44,0.44,2220,2178.11,2321.86,2285.33,5,5,4.43,5,-107.22,-101.86,11,36,72,45,6,12,14
417,4,2,155,341,186,1080,1223,1406,877,355.03,339.4,344.9,353.93,347.07,330.7,377.5,396.46,420.37,373.73,401.32,413.96,9.03,-46.64,-15.63,18.96,-16.37,12.64,0.1,0.2,0.15,-0.1,-0.05,6,10,7,-1,3,342.44,373.73,357.89,395.17,380.33,376.38,-31.29,-15.84,-3.95,14.84,0.5,1178.55,1212.5,-33.95,0.71,0.81,2738.25,3129.2,2521.31,2549.67,3.83,3.4,4.31,3.33,579.53,216.94,1,37,38,30,4,8,20
418,4,2,291,37,-254,1303,1842,1421,1904,333.87,359.03,340.3,335.17,339.1,341.55,332.82,343.57,349.28,340.46,337.5,337.66,-5.13,-8.82,25.16,10.75,2.45,0.16,0.2,0.4,0.05,-0.2,-0.35,3,8,4,-1,4,356.45,347.81,362.08,379.05,370.38,366.25,8.64,14.27,-4.13,8.67,0.05,2194,1338.11,855.89,0.38,1,3397.33,3497.6,3109.06,,2.17,4,4.18,,3497.6,288.27,2,31,29,31,2,2,20
419,4,2,494,469,-25,2144,2267,2544,1755,424.29,448.52,433.34,442.8,465.77,416.62,453.97,435.28,462.07,462.43,485.77,450.78,9.46,0.36,24.23,-18.69,-49.15,-34.99,0.05,0.1,0.05,-0.05,-0.05,5,4,5,0,-1,472.39,489.03,492.29,495.66,501.28,494.74,-16.64,3.26,-6.54,-5.62,0.25,3733.1,3609.67,123.43,0.63,0.94,3934.8,5144,4083.56,7078,3.6,3.5,3.88,3,-1934,-148.76,2,36,38,34,16,2,24
420,4,2,322,358,36,1266,1516,1658,1183,365.57,380,352.28,355.83,383.36,335,358.14,375.03,372.31,383.9,371.18,371.9,3.55,11.59,14.43,16.89,-48.36,0.72,0.1,0.15,0.15,-0.05,0,4,5,2,2,3,424.48,442.87,441.56,435.07,440.48,447.39,-18.39,-1.31,6.91,-5.41,0.53,1992.81,2080.42,-87.61,0.47,0.82,2799.75,3223.89,3441.57,4989,4.63,4,4.5,3.67,-1765.11,-641.82,11,39,47,46,16,8,42
421,4,2,532,823,291,1514,3485,2512,2739,429.43,437.38,434.34,420.67,416.52,445.55,462.1,463.66,463.97,494.75,470.61,453.93,-13.67,30.78,7.95,1.56,29.03,-16.68,0.15,0.25,0.25,-0.1,0,1,5,0,1,5,583.52,589.2,610.17,578.44,615.97,600.66,-5.68,20.97,-15.31,-37.53,0.26,3607.1,2833.83,773.27,0.13,0.94,2976.5,4213.71,3516.56,10222,4,4.57,4.75,2,-6008.29,-540.06,0,32,29,22,2,0,18
422,4,2,379,168,-211,961,1383,1538,1543,356.21,364.9,358.59,366.34,371.23,351.9,358,356.73,361.9,372.2,356.5,352.68,7.75,10.3,8.69,-1.27,-19.33,-3.82,-0.05,0.35,0.15,-0.4,-0.2,4,5,3,1,2,375.08,382.5,376.98,372.58,382.93,389.62,-7.42,-5.52,6.69,-10.35,0.05,1611,1199.89,411.11,0.19,1,2412.67,2231.31,1924.25,,2.67,4,4.56,,2231.31,488.42,0,32,44,22,0,0,14
423,4,2,34,79,45,1122,1220,1181,1122,302.97,309.69,312.66,305.48,302.93,311.5,322.6,331.64,327.83,328.87,327.9,314,-7.18,1.04,6.72,9.04,8.57,-13.9,-0.05,0.1,0,-0.15,-0.1,4,8,2,2,6,457.79,438.66,433.31,438.15,447.84,467.52,19.13,-5.35,19.68,-9.69,0.56,1228.5,1389.53,-161.03,0.75,0.35,2083.17,2296.5,1860,1815.45,3.58,3.5,3.5,3.82,481.05,223.17,9,45,34,45,16,4,20
424,4,2,170,258,88,1088,1314,1373,1082,344.27,357.93,344.07,347.48,356.57,338.37,335.1,346.43,325.18,342.17,326.21,338.1,3.41,16.99,13.66,11.33,-18.2,11.89,0.25,0.25,0.45,0,0.2,4,5,4,0,1,318.03,316.97,318.7,331.36,327.35,340.2,1.06,1.73,12.85,4.01,0.05,3259,1782.55,1476.45,0.06,1,4203,2252.31,2037.63,,3,3.94,3.81,,2252.31,2165.37,0,30,32,26,0,0,16
425,4,2,438,583,145,1356,1915,2037,1427,411.68,399.57,386,379.03,386.87,390.1,380.18,351.77,366.07,387.2,381.96,380.46,-6.97,21.13,-12.11,-28.41,3.23,-1.5,0.2,0.15,0.15,0.05,0,6,4,0,6,4,418.06,400.98,407.55,423.05,429.81,428.77,17.08,6.57,-1.04,-6.76,0.05,1993.5,1313.78,679.72,0.35,0.88,5389.83,4432.45,3546.67,6005,3.17,4.18,4.6,3,-1572.55,1843.16,2,31,28,24,0,4,14
501,1,2,405,301,-104,1848,2157,2395,2097,389.33,390.4,400.89,388.1,380.2,373.5,461.69,450.8,454.21,457.79,436.75,454.93,-12.79,3.58,1.07,-10.89,-6.7,18.18,0.1,0.15,0.1,-0.05,-0.05,10,7,5,5,2,624.3,623.9,612.67,665.68,704.25,595.72,0.4,-11.23,-108.53,-38.57,0.34,2019.54,1544.92,474.62,0.41,1,4870.29,5202.1,4562.94,,3.43,4.3,4.19,,5202.1,307.35,14,40,69,64,,,
502,2,2,445,767,322,2295,2965,3118,2254,570.87,566.24,576.56,568.18,569.83,608.37,506.15,483.17,481.97,517.76,477.57,485.1,-8.38,35.79,-4.63,-22.98,38.54,7.53,0.25,0.1,0,0.15,-0.1,4,3,0,4,3,697.59,698.29,703.32,831.27,822.38,812.43,-0.7,5.03,-9.95,8.89,0.34,2744.46,2478.8,265.66,0.31,0.75,6379.2,6671.64,6164.83,6290.75,4.4,4,4.33,2.75,380.89,214.37,42,69,76,74,,,
504,1,2,0,761,761,2424,3292,3006,2345,800.17,814.03,827.9,805.61,769.52,824,640.29,652.13,592.03,618.93,600.43,660.8,-22.29,26.9,13.86,11.84,54.48,60.37,0.2,0.3,0.05,-0.1,-0.25,5,6,3,2,3,622.14,651.96,649.46,656.81,668.55,638.54,-29.82,-2.5,-30.01,-11.74,0.31,4272.33,3557.44,714.89,0.69,0.76,5203.73,8088,5006.15,7819,3.91,3,3.92,3,269,197.58,15,47,57,51,,,
505,3,2,-164,404,568,1702,1999,2000,1501,340.34,335.93,337.7,345.25,340.45,353.18,358.04,341.97,347.59,341.1,343.63,343.64,7.55,-6.49,-4.41,-16.07,12.73,0.01,0.25,0.2,0,0.05,-0.2,2,3,2,0,1,334.25,345.84,343.52,351.32,355.95,345.98,-11.59,-2.32,-9.97,-4.63,0.41,2831.56,2509.35,322.21,0.53,0.63,4165.89,4275,4038,3063.5,2.89,3.25,3.2,2.83,1211.5,127.89,35,53,79,66,,,
506,1,2,1004,202,-802,2150,2083,2308,1848,480.12,455.3,472.37,466.4,458.97,421.34,482.97,504.63,522.66,501.69,460,515.55,-5.97,-20.97,-24.82,21.66,-37.63,55.55,0.2,0.2,0.3,0,0.1,2,4,4,-2,0,939.43,897.44,863.44,954.75,922.67,944.68,41.99,-34,22.01,32.08,0.58,2680.13,2588.12,92.01,0.44,0.56,5568.71,5217.56,5783.22,7273.57,3.43,4.56,3.67,3.57,-2056.01,-214.51,19,51,75,60,,,
507,1,2,470,364,-106,1317,1736,1894,1597,451.45,454.48,439.63,460.17,442.27,465.14,508.22,499.44,504.83,522.17,501.63,525.41,20.54,17.34,3.03,-8.78,22.87,23.78,0.3,0.3,0.3,0,0,4,2,1,3,1,518.67,498.19,518.08,525.57,544.88,542.68,20.48,19.89,-2.2,-19.31,0.54,1991.48,2067.22,-75.74,0,0.71,5238.3122,5321.88,4908.92,7209.8,,3.94,3.92,3.2,-1887.92,-4908.92,1,40,36,28,,,
508,2,2,90,576,486,1522,2611,2176,2147,689.3,633.33,654.97,671.43,587.33,656.62,663.53,691.7,716.03,633.9,706.5,563.7,16.46,-82.13,-55.97,28.17,69.29,-142.8,0,0.05,0.05,-0.05,0,1,2,0,1,2,565.18,585.07,607.55,609.23,621.79,571,-19.89,22.48,-50.79,-12.56,0.13,2735.2,3746.27,-1011.07,1,0.94,6464.35,7770,7239,5653,4.76,,4.8,5,-5653,-774.65,36,49,52,69,,,
509,2,2,275,148,-127,1081,1357,1254,1250,382.52,382.77,391.43,391.24,367.07,366.13,405.83,413.82,404.24,391.32,408.83,383.04,-0.19,-12.92,0.25,7.99,-0.94,-25.79,0.3,0.35,0.1,-0.05,-0.25,8,9,7,1,2,385.97,403.66,390.18,406.34,409.82,416.95,-17.69,-13.48,7.13,-3.48,0.47,2289.22,2197.7,91.52,0.47,1,3171.63,3084.33,2504.69,,3.5,3.33,3.69,,3084.33,666.94,41,59,65,72,,,
510,3,2,46,312,266,2184,2270,2328,1785,652.83,659.62,590.31,609.14,596.83,651.83,576.63,614.55,618.1,662.48,650.6,634.87,18.83,44.38,6.79,37.92,55,-15.73,-0.2,0.2,0.1,-0.4,-0.1,0,2,0,0,2,635.43,627.89,663.62,630.63,627.08,618.37,7.54,35.73,-8.71,3.55,0.32,2025.25,1705.88,319.37,0.24,0.94,3235.25,4763,4346.56,6568,4.25,4.54,4.38,5,-1805,-1111.31,25,57,49,63,,,
511,2,2,258,326,68,1640,1868,1974,1557,864.03,809.15,811.19,865.82,805.93,769.28,825.23,955,892.88,884.75,799.52,939.93,54.63,-8.13,-54.88,129.77,-36.65,140.41,0.1,0.05,-0.05,0.05,-0.1,6,2,0,6,2,567.7,560.13,610.32,586.17,581.02,622.1,7.57,50.19,41.08,5.15,0.79,2268.13,2385.63,-117.5,0.76,0.24,5170.15,5348.75,5700.25,4524.46,3.85,4,3.5,3.85,824.29,-530.1,36,62,60,71,,,
512,2,2,277,398,121,2329,2762,2760,2402,705.9,660.19,707.21,720.8,734.28,700.13,732.66,757.86,726.55,697.13,666.37,691.76,13.59,-29.42,-45.71,25.2,-34.15,25.39,0.05,-0.05,0.05,0.1,0.1,1,3,0,1,3,658.92,672.47,683.68,680.79,675.81,681.08,-13.55,11.21,5.27,4.98,0.15,5025.5,3375.76,1649.74,0.88,1,4850.8,7359.5,4382.18,,2.73,3.5,2.88,,7359.5,468.62,19,57,59,58,,,
513,2,2,-34,303,337,1302,1856,1823,1822,650.11,668.41,684.07,656.54,671.82,692.55,875.22,682.42,648.71,666.5,768.81,724.88,-27.53,17.79,18.3,-192.8,20.73,-43.93,0,0.15,0.1,-0.15,-0.05,0,1,0,0,1,820.78,785.32,769.4,813.67,830.8,780.98,35.46,-15.92,-49.82,-17.13,0.35,2096.64,1861.73,234.91,0.19,0.76,5217,5899.54,4718.08,5925,5,3.85,4.46,3.25,-25.46,498.92,23,52,63,54,,,
514,2,2,215,515,300,1405,2263,1639,1442,989.3,986.17,1006.63,1011.17,988,1045.4,917.07,931.7,928.69,915.86,871.59,908.64,4.54,-12.83,-3.13,14.63,57.4,37.05,0.25,0.25,0.05,0,-0.2,0,3,0,0,3,596.62,509.98,549.24,532.21,563.65,546.46,86.64,39.26,-17.19,-31.44,0.44,3358.35,2762.5,595.85,0.13,0.88,12413,6320.21,5025.6,15861.5,4,4.07,4.27,4,-9541.29,7387.4,21,44,62,68,,,
515,3,2,362,178,-184,1240,1518,1464,1386,321.28,327.17,323.33,324.54,302.93,323.57,339.69,336.79,342.23,319.96,374.14,353.72,1.21,-22.27,5.89,-2.9,20.64,-20.42,0.25,0.5,0.25,-0.25,-0.25,8,9,3,5,6,358.92,348.41,343.77,355.69,345.15,346.29,10.51,-4.64,1.14,10.54,0.64,1529.6,2052.86,-523.26,0.69,1,2278.18,3166.8,2277.63,,4.36,4.2,4.19,,3166.8,0.55,33,59,75,75,,,
516,1,2,326,242,-84,1551,1637,1781,1385,428.87,442.23,453.83,423.61,438.33,429.6,400.48,406.47,415.8,449.23,405.97,419.53,-30.22,33.43,13.36,5.99,-8.73,13.56,0.15,0.15,-0.1,0,-0.25,4,4,2,2,2,393.67,397.48,408.48,414.35,418.57,434,-3.81,11,15.43,-4.22,0.36,1992.57,2072.52,-79.95,0.29,0.81,4440.4,3797.08,4202.31,3975.33,3.2,3.58,3.92,4,-178.25,238.09,21,54,66,39,,,
517,2,2,71,-18,-89,606,650,676,749,199.19,232.11,203.53,214.59,221.85,221.75,312.53,326.9,319.1,334.7,334.34,335.83,11.06,15.6,32.92,14.37,-0.1,1.49,0.15,0.3,0.15,-0.15,-0.15,5,5,0,5,5,387.13,417.98,367.3,338.29,303.53,363.53,-30.85,-50.68,60,34.76,0.41,1486.69,1331.04,155.65,0.71,0.65,3029.58,3930.8,2652.27,3958.67,4.25,4.8,4.36,2,-27.87,377.31,26,54,46,56,,,
518,2,2,99,143,44,1266,1769,1479,1698,459.43,429.59,465,462.7,443.07,446.1,430.1,435.57,410.79,426.23,448.3,447.43,-2.3,15.44,-29.84,5.47,3.03,-0.87,0.25,0.25,0.3,0,0.05,6,7,6,0,1,501.02,461.25,490.19,509.11,494.22,482.63,39.77,28.94,-11.59,14.89,0.68,2202.85,2124.77,78.08,0.59,0.47,3079.6,2594.43,3330.25,2916.44,3.6,3.57,3.88,3.56,-322.01,-250.65,33,58,48,67,16,0,30
519,3,2,475,1027,552,1732,2295,3053,1573,369.41,378.54,362.1,348.7,359.66,367.28,476.45,503.9,506.18,520.7,513.22,525.86,-13.4,14.52,9.13,27.45,7.62,12.64,0.35,0.05,0.25,0.3,0.2,4,1,0,4,1,382.11,393.7,410.21,413.68,414.76,415.18,-11.59,16.51,0.42,-1.08,0.33,2394.46,2036.04,358.42,0.56,0.76,3499.33,4367.57,3432.38,3042,2.78,4,4.46,5,1325.57,66.95,30,57,52,54,26,42,50
520,3,2,591,448,-143,1469,1901,1844,1375,413.1,412.53,411.73,404.07,412.24,411.23,418.1,441.03,433.47,435.43,420.83,412.07,-7.66,1.96,-0.57,22.93,-1.01,-8.76,0.15,0.45,-0.1,-0.3,-0.55,6,3,2,4,1,475.23,443.95,440.39,470.6,496.98,470.31,31.28,-3.56,-26.67,-26.38,0.49,2471.42,1905.35,566.07,0.44,0.94,3274.57,3375.56,3044.81,1939,2.86,3.22,4.06,3,1436.56,229.76,24,53,50,57,28,28,42
522,2,2,232,611,379,1379,2484,1919,1812,533.7,546.4,517.83,530.13,528.19,537.83,584.55,575.37,585,568.67,566.68,594.4,12.3,-16.33,12.7,-9.18,9.64,27.72,0.1,0.05,0.05,0.05,0,2,0,1,1,-1,605.89,607.11,592.34,611.95,603.19,586.39,-1.22,-14.77,-16.8,8.76,0.25,4136.4,3496.3,640.1,0.71,0.41,5631.17,6660.4,5701.86,5973.2,4.58,4,4.14,4,687.2,-70.69,28,57,54,59,28,4,34
523,3,2,1563,1033,-530,4337,4337,4659,2604,1336.83,1523.14,1400.64,1222.84,1314.63,1570.41,966.23,835.33,889.9,829.34,889,817.27,-177.8,-60.56,186.31,-130.9,255.78,-71.73,0,0,0,0,0,4,3,1,3,2,844.28,789.97,818.49,829.84,801.79,840.15,54.31,28.52,38.36,28.05,0.79,4320.63,6873.13,-2552.5,0.75,0.75,9026.67,9706.75,8821.25,7589,3.67,2.75,3.42,3.5,2117.75,205.42,44,59,77,65,28,14,40
524,3,2,74,386,312,1875,2532,2594,2488,352.97,347.11,354.41,363.62,348.39,355.83,329.55,317.97,326.17,335.4,336.1,327.04,9.21,9.23,-5.86,-11.58,7.44,-9.06,0.2,0.4,0.25,-0.2,-0.15,4,3,3,1,0,371.3,390.11,379.11,392.68,415.39,399.45,-18.81,-11,-15.94,-22.71,0.41,1954.5,1972.7,-18.2,0.5,1,2791.88,2695,2546.18,,3.5,3.13,3.88,,2695,245.7,18,41,43,69,20,6,30
525,3,2,273,297,24,1119,1409,1357,1047,549.6,644.62,540.73,563.87,601.43,563.17,652.2,637.27,617.97,595.17,630.75,620.41,23.14,-22.8,95.02,-14.93,-38.26,-10.34,0.15,0.4,0,-0.25,-0.4,4,6,2,2,4,945.6,920.87,978.1,985.57,944.17,925.16,24.73,57.23,-19.01,41.4,0.23,3338.67,3167.73,170.94,0.29,0.69,6580.2,7165,9500.82,6419,3,4,3.91,4.2,746,-2920.62,8,45,42,57,6,4,22
526,2,2,454,560,106,1014,2265,1841,2013,458.97,453.75,456.93,458.28,425.64,439.24,430.07,427.83,434.87,413.54,470.23,436.93,1.35,-21.33,-5.22,-2.24,13.6,-33.3,0.05,0,0,0.05,0,1,1,0,1,1,498.89,507.64,471.21,517.34,493.52,515.18,-8.75,-36.43,21.66,23.82,0.28,3554.82,2286.45,1268.37,0.47,0.88,4788.5,5361.67,3655.67,7020,4.75,4.44,4.8,5,-1658.33,1132.83,6,48,57,51,16,10,34
527,2,2,268,670,402,2024,2199,2574,1376,423.72,392.45,392.38,386.04,391.43,397.48,441.96,441.38,422.76,454.93,420.04,428.52,-6.34,32.17,-31.27,-0.58,6.05,8.48,0.4,0.3,-0.1,0.1,-0.4,3,0,5,-2,-5,392.52,397.15,408.41,406.5,400.96,393.88,-4.63,11.26,-7.08,5.54,0.72,2027.18,2556.18,-529,0.56,0.69,4274.11,5160.43,4178.27,4572.4,3.78,3.71,4.18,3.2,588.03,95.84,41,67,69,80,42,38,56
528,1,2,428,697,269,1457,2278,2083,1503,358.71,366.85,376.54,354.24,358.41,362.96,357.62,379.07,340.45,353.31,365.17,380.33,-22.3,12.86,8.14,21.45,4.55,15.16,0.2,0.25,0.2,-0.05,-0.05,5,3,4,1,-1,551.22,565.29,554.87,577.84,563.19,534.95,-14.07,-10.42,-28.24,14.65,0.58,1343.09,1389.88,-46.79,0.71,0.65,2611.5,3093.4,3102.45,3151.33,3.33,3.2,3.64,3.17,-57.93,-490.95,20,62,72,53,10,12,38
529,3,2,990,742,-248,1885,2704,2714,2049,558.66,548.03,535.21,545,555.47,542.9,592.93,569.03,574.5,604.43,558.41,578.48,9.79,29.93,-10.63,-23.9,-12.57,20.07,0.15,0,-0.05,0.15,-0.05,4,3,1,3,2,707.25,711.36,717.8,725.44,759.18,731.33,-4.11,6.44,-27.85,-33.74,0.74,7677.18,7198.1,479.08,0.44,0.76,16481,17137.56,18009.69,14075.75,1.71,3.33,2.85,3.5,3061.81,-1528.69,29,51,64,49,24,12,36
530,2,2,271,224,-47,2424,2763,2751,2656,554.55,559.17,555.43,554.28,571.97,576.79,502.8,509.97,514.4,509.87,522.77,495.17,-1.15,-4.53,4.62,7.17,4.82,-27.6,0.05,0.1,-0.05,-0.05,-0.15,5,2,2,3,0,385.67,389.75,407.95,420.45,413.3,425.68,-4.08,18.2,12.38,7.15,0.08,2443,1856.14,586.86,0.38,0.94,7677.17,6438.6,5976.53,4496,3.33,3.5,3.4,3,1942.6,1700.64,11,44,55,29,10,14,30
531,3,2,519,946,427,1713,2878,2435,1707,363.14,368.41,370.72,376.64,357.63,367.64,356.52,349.7,374.83,372.31,357.45,373.55,5.92,-2.52,5.27,-6.82,10.01,16.1,0.35,0.2,0.25,0.15,0.05,6,3,2,4,1,429.13,451.97,475.33,491.02,471.62,484.97,-22.84,23.36,13.35,19.4,0.87,2025.7,3001.6,-975.9,0.88,0.12,3595.07,3880,4195.5,3582.47,4.13,3.5,2.5,3.87,297.53,-600.43,44,67,71,66,22,30,52
532,2,2,480,765,285,2290,2871,2838,1905,760.86,699.03,732.23,648.24,645.86,659.75,633.83,614.9,608.97,569.67,631,665.83,-83.99,-39.3,-61.83,-18.93,13.89,34.83,-0.05,0,0,-0.05,0,3,2,1,2,1,493.49,522.27,488.13,497.15,515.61,496.1,-28.78,-34.14,-19.51,-18.46,0.53,4081.95,4071.84,10.11,0.24,0.44,8761.75,8238.38,6803.57,6077.89,4,3.92,4.57,4.44,2160.49,1958.18,14,51,31,29,28,0,18
533,3,2,190,300,110,3358,3549,3758,3352,907.31,921.63,940.17,934.67,888.66,915,821.63,1010.4,954.41,916.83,945.97,882.73,-5.5,-37.58,14.32,188.77,26.34,-63.24,-0.05,0,0,-0.05,0,3,6,1,2,5,608,597.65,577.72,626.32,610.31,609.47,10.35,-19.93,-0.84,16.01,0.49,2277.89,1960.3,317.59,0.5,0.94,6352.13,3856.5,4714.75,3357,3.13,4.13,3.88,3,499.5,1637.38,24,54,54,49,22,30,34
534,3,2,-83,136,219,704,981,888,886,367.83,384.3,365.63,358.52,366.27,371.29,396.8,396.3,428.38,393.82,394.67,401.38,-7.11,-34.56,16.47,-0.5,5.02,6.71,0.3,0.5,0.2,-0.2,-0.3,3,2,1,2,1,540.89,524.28,548.53,552.18,593.54,554.59,16.61,24.25,-38.95,-41.36,0.58,2239.55,2245.69,-6.14,0.56,0.12,5739.56,8116,9024,5170.87,4.89,3.86,3,5,2945.13,-3284.44,51,70,66,76,38,40,54
535,3,2,189,125,-64,1299,1527,1440,1414,366.4,355.37,364.53,361.82,359.55,357.79,540.25,516.04,537.82,532.82,522.41,551.21,-2.71,-5,-11.03,-24.21,-1.76,28.8,0.05,0.2,0.1,-0.15,-0.1,10,5,2,8,3,352.85,352.42,354.03,361.22,367.95,371.66,0.43,1.61,3.71,-6.73,0.78,1611.03,2495.5,-884.47,0.81,0.24,5928.08,5557,6232.5,5954.62,4.46,4.33,2,3.46,-397.62,-304.42,38,68,60,57,28,26,30
537,2,2,-3,-11,-8,948,874,866,820,747.28,648.03,735.31,710.17,661.83,665.28,730.78,748.07,743.33,730.43,697.38,755.52,-25.14,-12.9,-99.25,17.29,3.45,58.14,-0.05,0.05,-0.1,-0.1,-0.15,4,4,0,4,4,719.65,799.98,737.77,720.41,776.79,800.53,-80.33,-62.21,23.74,-56.38,0.03,2838,1802.76,1035.24,0.35,0.44,6991.33,5808.55,5306,6664.11,4.17,4.55,4.71,4.11,-855.56,1685.33,9,37,46,25,2,0,16
538,2,2,349,335,-14,2686,3692,2758,3033,609.75,627.96,595.87,617.86,619.04,601.76,582.9,601.69,583.79,596.67,572.76,567.11,21.99,12.88,18.21,18.79,-17.28,-5.65,0.35,0.3,-0.05,0.05,-0.35,5,3,2,3,1,603.11,664.21,649.15,648.52,650.85,627.52,-61.1,-15.06,-23.33,-2.33,0.16,3511,3207.56,303.44,0.41,0.44,11195.43,8419.7,6883.43,6631.22,3.86,4,3.29,4,1788.48,4312,30,54,61,60,22,4,32
539,3,2,154,295,141,1266,1682,1551,1380,422.63,415.83,422.13,423.3,397.38,402.4,515.55,547.3,554.03,541.59,530.33,503.55,1.17,-12.44,-6.8,31.75,5.02,-26.78,0.35,0.25,0.2,0.1,-0.05,12,2,4,8,-2,840.2,707.65,775.49,861.86,729.49,821.72,132.55,67.84,92.23,132.37,0.82,1235.47,1455.71,-220.24,0.35,0.19,2823.83,3429.91,4545.67,2847,4.17,3.55,4,4.15,582.91,-1721.84,44,63,73,64,24,28,46
540,2,2,618,418,-200,1743,2455,2068,1942,618.83,587.21,583.38,587.38,595.62,619.82,452.57,462.03,465.2,463.7,464.53,456.73,4,-1.5,-31.62,9.46,24.2,-7.8,0.25,0.25,0.1,0,-0.15,7,6,3,4,3,603.58,633.62,627.85,658.34,603.26,609.05,-30.04,-5.77,5.79,55.08,0.36,8023.07,6344.16,1678.91,0.71,0.81,7365.25,6904.6,5380.92,4022.33,2.17,2.8,3.15,2.67,2882.27,1984.33,26,64,57,55,32,8,36
541,2,2,-307,1341,1648,4101,5316,5240,3764,726.31,789.87,713.1,847.96,803.1,801.86,646.21,650.86,697.21,663.13,651.21,624.54,134.86,-34.08,63.56,4.65,-1.24,-26.67,0.05,-0.2,-0.25,0.25,-0.05,3,1,0,3,1,768.84,843.1,771.38,909.49,870.85,817.52,-74.26,-71.72,-53.33,38.64,0.05,3097,2628.78,468.22,0.29,0.38,15993,14316.67,9590.5,9679.4,3.4,1.83,2.83,2.3,4637.27,6402.5,49,56,63,84,42,40,52
542,2,2,910,738,-172,2463,3308,3483,2838,787.13,781.14,749.25,730.64,816.74,783.13,677.5,634.57,749.07,738.62,750.87,763.21,-18.61,-10.45,-5.99,-42.93,-33.61,12.34,-0.05,-0.1,0.2,0.05,0.3,3,3,0,3,3,533.24,534.83,538.32,558,561.54,581.11,-1.59,3.49,19.57,-3.54,0.33,4875.23,5321.23,-446,0.76,0.18,6229.54,10076.25,6677,4771.57,3.92,2.5,2.33,4.36,5304.68,-447.46,49,74,67,70,40,26,38
543,3,2,324,460,136,1499,1499,1871,987,371.07,352.2,378.18,349.81,367,376.39,437.8,419.52,433.21,406.71,396.62,417.61,-28.37,-26.5,-18.87,-18.28,9.39,20.99,0.15,0.2,0.15,-0.05,-0.05,4,7,3,1,4,383.63,380.51,370.95,378.85,394.48,384.41,3.12,-9.56,-10.07,-15.63,0.51,2207.65,2360.95,-153.3,0.24,0.56,2797.5,2538.77,3910.67,2498.29,3.25,3.92,3.22,2.57,40.48,-1113.17,27,60,50,57,20,14,42
544,3,2,155,265,110,1459,1682,1780,1470,412.9,421.53,413,413.5,417.9,411.69,431.46,430.64,444.48,432.9,431.03,439.87,0.5,-11.58,8.63,-0.82,-6.21,8.84,0.45,0.45,0.4,0,-0.05,8,7,4,4,3,439.87,436.74,425.37,415.34,432.86,435.94,3.13,-11.37,3.08,-17.52,0.28,1289.18,1267.75,21.43,0.29,0.88,1592.6,1961.58,1635.64,2390,3.8,3.25,3.79,2.5,-428.42,-43.04,15,47,54,50,8,14,34
545,3,2,288,82,-206,1313,1496,1412,1435,406.22,391.3,416.07,411.43,416.63,407.39,387.5,385.17,387.62,393.54,396.21,412.9,-4.64,5.92,-14.92,-2.33,-9.24,16.69,0.05,0.15,0.15,-0.1,0,0,3,2,-2,1,397.93,385.1,393.14,410.86,375.16,397.56,12.83,8.04,22.4,35.7,0.9,1692.77,3103.25,-1410.48,0.75,0.12,2689.42,4289.5,3533.5,2753.8,5,4,5,5,1535.7,-844.08,42,75,71,80,42,38,52
546,1,2,208,179,-29,1206,1420,1235,1101,323.29,339.33,321.63,331.52,340.93,321.14,341.47,303.26,308.63,324.25,311.86,327.13,9.89,15.62,16.04,-38.21,-19.79,15.27,0.1,0.15,0.15,-0.05,0,6,5,4,2,1,377.58,379.02,388,409.79,410.19,403.66,-1.44,8.98,-6.53,-0.4,0.41,1210.38,1546.83,-336.45,0.65,1,2920.09,3095.5,2232.19,,3.73,4.17,3.81,,3095.5,687.9,14,51,62,61,10,20,38
547,3,2,283,280,-3,1092,1582,1183,1107,348.62,336.83,335.18,323.17,329.41,338.89,414.23,443.79,446.76,404.97,425.43,419,-12.01,-41.79,-11.79,29.56,9.48,-6.43,0.05,0.1,0.05,-0.05,-0.05,6,5,2,4,3,472.58,408.22,459.06,459.18,444.11,441.77,64.36,50.84,-2.34,15.07,0.42,1679.38,1521.23,158.15,0.71,1,2857.92,2332.8,3068.56,,3.42,3.2,3.81,,2332.8,-210.64,32,67,43,71,14,24,46
548,1,2,164,73,-91,1251,1201,1415,1221,440.54,445.03,460.83,412.29,420.43,407.87,464.59,450.11,448.93,491.13,463.34,455.61,-48.54,42.2,4.49,-14.48,-12.56,-7.73,0.15,-0.1,0.05,0.25,0.15,1,4,1,0,3,548.68,510.77,522.41,526.43,535.52,566.65,37.91,11.64,31.13,-9.09,0.46,3801.39,3383.14,418.25,0.12,0.94,3631,4817.87,4689.67,3566,2.5,3.87,3.67,3,1251.87,-1058.67,19,49,55,54,8,6,26
549,3,2,797,150,-647,1962,2278,2526,2508,600.8,602.86,607.72,586.03,619.27,562.1,744.36,778.23,734.93,799.57,734.72,817.85,-21.69,64.64,2.06,33.87,-57.17,83.13,0.15,0.3,0.2,-0.15,-0.1,2,6,3,-1,3,728.87,734.79,780.05,702.98,764.47,721.4,-5.92,45.26,-43.07,-61.49,0.26,2764.2,2574.41,189.79,0.31,0.71,7801,4518.91,5017.83,6612.8,2.4,4.18,3.75,2.6,-2093.89,2783.17,25,52,52,66,38,32,34
550,2,2,158,209,51,1097,1481,1302,1252,369.21,370.38,370.03,369.97,340.66,361.39,346.6,364.1,338.13,348.37,336.24,350.17,-0.06,10.24,1.17,17.5,20.73,13.93,0.35,0.2,0,0.15,-0.2,5,3,1,4,2,506.78,482.43,458.71,512.57,493.44,491.7,24.35,-23.72,-1.74,19.13,0.82,2052.09,2800,-747.91,0.82,0.25,3684.64,4363.67,4288.25,3536.08,4.07,3.33,2.25,4.08,827.59,-603.61,46,63,66,47,30,4,40
551,1,2,552,516,-36,1856,2405,2350,1867,361.2,352.28,369.55,357.54,350.55,371.2,312.87,321.1,329.34,321.47,321.96,316.57,-12.01,-7.87,-8.92,8.23,20.65,-5.39,0.05,0.1,0,-0.05,-0.1,6,4,1,5,3,391.24,391.65,380.64,410.52,405.11,398.42,-0.41,-11.01,-6.69,5.41,0.59,3656.87,5002.75,-1345.88,0.88,0.53,5903.07,4565,5217.33,6564.75,3.13,3.5,2.67,3.25,-1999.75,685.74,35,69,69,68,28,20,48
552,3,2,293,383,90,2219,2653,2693,2364,392.97,382.3,391.17,398.53,394.93,400.33,324,321.77,332.27,322.54,329.4,327.97,7.36,-9.73,-10.67,-2.23,5.4,-1.43,0.15,0.55,0.35,-0.4,-0.2,5,9,10,-5,-1,495.86,495.34,510.43,510.56,513.7,505.73,0.52,15.09,-7.97,-3.14,0.83,3109.39,3283.57,-174.18,0.88,0.63,5057,8708.5,5559.2,5570.67,3.8,2,2.6,3.5,3137.83,-502.2,36,63,74,65,32,22,42
553,1,2,341,234,-107,1216,1585,1414,1316,512.1,492.37,489.93,497.37,455.86,473.76,398.8,406.83,415.97,392.7,392.63,456.3,7.44,-23.27,-19.73,8.03,17.9,63.67,0.3,0.5,0.25,-0.2,-0.25,6,7,4,2,3,591.25,544.05,551.06,599.55,586.11,578.41,47.2,7.01,-7.7,13.44,0.67,2087.5,2014.08,73.42,0.94,0.53,3671.73,5118,4958.56,4742.38,4.47,2,3.67,3.38,375.62,-1286.83,22,61,77,62,16,20,54
557,1,2,-9,-17,-8,418,405,399,421,,,,,,,,,,,,,,,,,,,-0.1,0.2,0.05,-0.3,-0.15,3,2,1,2,1,,,,,,,,,,,0.79,1916.37,2152.5,-236.13,0.69,0.06,8336.45,8070.2,5662,5543.07,5,5,5,5,2527.13,2674.45,42,,46,77,,30,
558,2,2,-105,23,128,755,803,824,826,1124.12,1247.04,1170.31,1135.11,1106.8,1179.44,915.48,903.55,775.88,765.46,862.31,942.88,-35.2,-10.42,122.92,-11.93,72.64,80.57,0.2,0.4,0.1,-0.2,-0.3,5,5,1,4,4,782,815.72,755.46,831.72,878.24,886.02,-33.72,-60.26,7.78,-46.52,0.18,2951.43,2353.69,597.74,0.71,0.75,6276.17,4158,5704.67,6763.75,2.83,3.8,3.42,2.75,-2605.75,571.5,16,40,44,34,14,16,30
559,1,2,1700,761,-939,1503,2344,2293,1609,480.53,480.97,487.39,486.14,474.03,478.9,499,529.8,501.28,517.87,500.18,519.2,-1.25,16.59,0.44,30.8,4.87,19.02,0.45,0.45,0.3,0,-0.15,8,4,0,8,4,655.37,641.89,627.41,667.75,655.45,662.84,13.48,-14.48,7.39,12.3,0.33,1872.23,2030.78,-158.55,0.24,0.82,6232.5,5263.31,4303.57,6387.67,2.75,3,3.79,2.67,-1124.36,1928.93,5,52,45,29,0,4,14
560,1,2,311,344,33,1652,2048,2037,1747,462.47,468.3,461.13,466.47,469.18,453.73,497.53,485.96,509.62,484.76,490.46,485.64,5.34,-24.86,5.83,-11.57,-15.45,-4.82,0.05,0.05,0,0,-0.05,3,5,3,0,2,488.29,495.22,462.1,550.65,535.79,527.93,-6.93,-33.12,-7.86,14.86,0.28,1846.45,1619.93,226.52,0.6,0.94,1822.44,2083.5,1734.19,1792,3.78,4.67,4.19,3,291.5,88.25,21,59,70,70,28,42,52
561,2,2,1084,294,-790,2004,2616,2532,2559,405.13,445.46,414.81,426.83,401.71,429.68,503.07,485.48,468.11,482.89,472.3,480.93,12.02,14.78,40.33,-17.59,27.97,8.63,0.3,0.3,0,0,-0.3,3,3,0,3,3,514.93,518.36,524.77,530.11,542.57,547.58,-3.43,6.41,5.01,-12.46,0.72,1523.89,1838.27,-314.38,0.53,0.24,5760.89,6216.88,6510,5967.92,3.89,3.88,3.5,3.92,248.96,-749.11,34,56,55,65,36,10,34
562,3,2,428,432,4,1826,2167,2301,1782,383.15,379.14,384.64,385.23,398.4,372.38,375.83,405.97,388.83,396.1,398.86,402.97,0.59,7.27,-4.01,30.14,-26.02,4.11,0.1,0.35,0.05,-0.25,-0.3,8,2,2,6,0,389.13,387.23,402.77,416.95,408.03,419.22,1.9,15.54,11.19,8.92,0.84,1219.34,1484.5,-265.16,0.41,0.63,2715.43,3184.3,2826.3,2351.67,3.86,4,4,4.5,832.63,-110.87,43,62,67,64,26,12,46
563,1,2,360,306,-54,2391,2716,2457,2180,371.64,361.5,366.83,363.66,346.59,366.57,352.87,371.47,356.1,357.28,374,361.11,-3.17,1.18,-10.14,18.6,19.98,-12.89,0.15,0.3,0.4,-0.15,0.1,10,4,6,4,-2,362.1,380.79,366.43,379.59,399.26,380.92,-18.69,-14.36,-18.34,-19.67,0.55,2687.62,2904.29,-216.67,1,1,5775.88,6674,5565.06,,2.81,,3,,,210.82,25,50,53,50,24,4,38
565,3,2,60,386,326,1854,2273,2268,1916,403.12,426.6,439.04,414.4,425.75,421.79,455.87,445.36,435.37,448.79,447.1,420.93,-24.64,13.42,23.48,-10.51,-3.96,-26.17,0.05,0.3,0.4,-0.25,0.1,6,5,1,5,4,519.32,482.11,502.05,561.32,560.49,527.87,37.21,19.94,-32.62,0.83,0.69,2249.78,2363.25,-113.47,0.59,0.53,3135.2,3039.86,3255.11,4471.25,4.4,4.14,4.56,3.63,-1431.39,-119.91,39,60,59,62,36,28,42
566,2,2,563,691,128,1348,2217,1824,1307,393.36,387.32,398.17,401.28,400.97,378.41,371.69,371.57,392.57,374.1,394.28,381.45,3.11,-18.47,-6.04,-0.12,-22.56,-12.83,0.3,0.35,0.2,-0.05,-0.15,6,4,7,-1,-3,591.19,640.49,594.57,681.1,661.63,619.28,-49.3,-45.92,-42.35,19.47,0.28,11136.45,10733.52,402.93,0.47,0.94,12937.88,7399.75,9325.63,7962,3.25,3.67,3.94,3,-562.25,3612.25,8,42,57,61,6,4,6
567,3,2,210,104,-106,1184,1312,1279,1199,336.97,349.4,335.83,348.72,340.17,336.47,389.68,383.69,372.48,388.9,368.5,391.79,12.89,16.42,12.43,-5.99,-3.7,23.29,0.25,0.45,0,-0.2,-0.45,4,8,4,0,4,436.72,424.47,438.81,433.77,421.38,445.6,12.25,14.34,24.22,12.39,0.16,1779.33,1568.5,210.83,0.47,1,3943.63,3697.33,3579.47,,3.25,3.78,4.18,,3697.33,364.16,18,48,56,41,10,12,28
568,3,2,147,588,441,1865,2778,2370,2110,477.07,459.11,480.52,462.76,475.1,482.17,440.18,461.97,446.38,441.4,463.53,463.33,-17.76,-4.98,-17.96,21.79,7.07,-0.2,0.3,0,0.2,0.3,0.2,3,2,2,1,0,400.77,411.11,405.57,416.75,415.24,406.75,-10.34,-5.54,-8.49,1.51,0.1,2723.75,1743.34,980.41,0,1,2730,2946.38,3417.29,,,4.88,4.71,,2946.38,-3417.29,3,29,33,28,6,2,2
569,3,2,92,166,74,1235,1380,1368,1178,281.57,284.14,287.76,287.83,282.89,284.7,281.41,268.61,275.93,280.38,279,264.86,0.07,4.45,2.57,-12.8,1.81,-14.14,0.25,0.4,0.1,-0.15,-0.3,7,6,6,1,0,320.71,317.2,327.6,326.4,335.47,338.06,3.51,10.4,2.59,-9.07,0.68,1788.93,2228.67,-439.74,0.71,0.53,3217.75,4630.8,3564.5,4102.5,3.5,2.8,2.56,3.75,528.3,-346.75,26,64,75,71,22,18,22
570,2,2,713,346,-367,1330,2077,1322,1369,335.35,350.93,340.57,349.97,354.57,356.39,335,358.13,344.4,366.37,341.18,343.9,9.4,21.97,15.58,23.13,1.82,2.72,0.2,0.3,0,-0.1,-0.3,7,5,0,7,5,372.98,385.6,406.8,426.42,418.47,428.34,-12.62,21.2,9.87,7.95,0.18,4563.71,2996.84,1566.87,0.71,0.88,4725.25,7850.6,4449.33,7940,2.92,3.2,3.93,3.5,-89.4,275.92,9,37,46,57,6,2,10
571,3,2,575,558,-17,1985,2926,2326,2148,554.63,558.86,536.1,549.1,540.1,528.21,503.67,563.9,593.63,532.3,539.43,569.45,13,-61.33,4.23,60.23,-11.89,30.02,0.35,0.1,0,0.25,-0.1,3,2,3,0,-1,738.58,708.24,724.18,812,734.97,786.82,30.34,15.94,51.85,77.03,0.45,4560.72,4165.95,394.77,1,0.59,5455.06,5906,6064.8,5799.5,4.71,,2.9,4.29,-5799.5,-609.74,31,71,80,77,34,28,32
572,1,2,816,1344,528,2934,4093,4304,2769,357.1,353.63,349.53,356.79,353.52,350.11,446.24,416.97,444.27,424.24,433.47,448.63,7.26,-20.03,-3.47,-29.27,-3.41,15.16,0.15,-0.1,0.15,0.25,0.25,6,4,1,5,3,407.9,399.18,404.74,421.03,405.47,417.72,8.72,5.56,12.25,15.56,0.5,1251.9,1316.85,-64.95,0.88,0.65,4915.2,7247,5463.91,6646,4,2.5,2.91,2.67,601,-548.71,19,60,66,60,28,28,26
574,1,2,431,503,72,1541,1961,2217,1625,593.1,556.97,541.86,564.07,581.96,580.63,564.83,633.96,604.47,609.86,562.57,581.43,22.21,5.39,-36.13,69.13,-1.33,18.86,0.25,0.15,-0.05,0.1,-0.2,3,3,4,-1,-1,531.97,542.56,517.29,559.32,568.69,528.67,-10.59,-25.27,-40.02,-9.37,0.38,1999.07,2000.88,-1.81,0.59,0.76,3283,3470.14,3320.85,3212.25,3,3.29,3.62,3.5,257.89,-37.85,29,60,73,58,30,34,30
575,1,2,672,475,-197,1314,1672,2057,1484,367.04,369.07,372.97,351.37,359.1,343.25,345.04,340.77,329.52,352.4,330.43,356.2,-21.6,22.88,2.03,-4.27,-15.85,25.77,0.45,0.2,0.15,0.25,-0.05,8,6,4,4,2,382.34,370.09,367.61,396.05,380.04,388.46,12.25,-2.48,8.42,16.01,0.9,1102,1082,20,0.88,0.29,2105.67,3365.5,3367.8,3105.08,4.13,2,1.8,3.58,260.42,-1262.13,44,65,73,65,26,22,30
576,1,2,280,472,192,1934,2141,2397,1665,365.55,388.59,375.52,390.25,385.62,396.13,363.03,344.45,342.07,346.55,343.73,355.87,14.73,4.48,23.04,-18.58,10.51,12.14,0.2,0.05,0.2,0.15,0.15,2,5,2,0,3,390.49,396.13,395.2,402.03,394.02,409.13,-5.64,-0.93,15.11,8.01,0.8,1253.71,1436.63,-182.92,0.94,0.82,2381.69,1664,2844.93,1819.5,4.19,2,3.36,3,-155.5,-463.24,33,63,64,67,30,18,30
578,1,2,257,424,167,1493,1890,1927,1477,364,373,363.97,373.73,363.38,355.45,337.82,332.96,321.77,327,336.43,342.47,9.76,5.23,9,-4.86,-7.93,6.04,0,0.15,-0.1,-0.15,-0.25,2,7,2,0,5,378.86,386.69,359.2,367.46,400.62,396.02,-7.83,-27.49,-4.6,-33.16,0.85,1006.88,1094.33,-87.45,0.76,0.29,1864.38,2381,2217.2,1982.58,4.38,4.25,4,4.67,398.42,-352.82,18,71,77,54,16,6,26
579,1,2,239,340,101,1671,1910,1958,1504,440.29,411.17,436.3,409.07,425.83,434,454.28,455.53,509.04,473.29,476.17,467.4,-27.23,-35.75,-29.12,1.25,8.17,-8.77,0.3,0.25,0.1,0.05,-0.15,8,1,2,6,-1,497.87,487.52,495.76,514.68,517.93,523.02,10.35,8.24,5.09,-3.25,0.63,1420.92,1557.93,-137.01,0.35,0.94,4229,4349.5,3096.69,3106,3.5,3.45,4.06,4,1243.5,1132.31,6,40,66,32,8,12,22
581,3,2,582,460,-122,1325,2038,1655,1441,357.54,360.31,376.43,356.96,346.84,356.79,371.27,366.4,345.73,358,368.27,362.17,-19.47,12.27,2.77,-4.87,9.95,-6.1,0.05,0.35,-0.15,-0.3,-0.5,11,2,3,8,-1,388.69,391.61,395.73,411.53,413.46,426.06,-2.92,4.12,12.6,-1.93,0.53,2143.85,2363.95,-220.1,0.41,0.88,2181.57,3762.78,2831.53,2444,4,3.8,4.2,4.5,1318.78,-649.96,10,44,58,76,8,6,12
582,1,2,620,496,-124,1319,1971,1731,1399,389.79,409.38,353.67,378.83,347.6,375.73,494.43,463.86,458.03,510.83,415.97,472.66,25.16,52.8,19.59,-30.57,28.13,56.69,0.15,0.15,0.05,0,-0.1,2,3,0,2,3,488.56,481.92,451.42,474.46,490.97,495.17,6.64,-30.5,4.2,-16.51,0.4,2017.13,3108,-1090.87,0.65,0.94,2756.55,3741.5,3451.79,3704,4,3.67,3.38,3,37.5,-695.24,17,41,46,51,28,20,6
583,1,2,295,150,-145,1760,2319,1911,2175,274.21,270.23,271.9,266.07,274.37,269.5,291.3,284.63,285.43,278.64,286.5,292.86,-5.83,-6.79,-3.98,-6.67,-4.87,6.36,-0.05,0.25,0.35,-0.3,0.1,3,2,3,0,-1,374.36,371.77,362.95,392.93,368.7,383.15,2.59,-8.82,14.45,24.23,0.25,2561.67,1817.33,744.34,0.88,0.94,2978.2,4502.5,3574.13,,4.47,4,4.06,4,4502.5,-595.93,6,40,44,35,12,0,10
584,1,2,878,784,-94,1626,2353,2432,1594,336.37,362.57,347.41,322.04,364.26,345.21,395.67,405,416.87,400.54,414.41,402.24,-25.37,-16.33,26.2,9.33,-19.05,-12.17,0.3,0.25,0.1,0.05,-0.15,5,4,2,3,2,387.98,392.07,399.02,417.95,435.21,426.4,-4.09,6.95,-8.81,-17.26,0.65,3274.88,3599.85,-324.97,1,0.82,2386.47,2136,2075.43,3381,4.24,,3.36,3.33,-3381,311.04,49,66,66,75,40,40,42
586,1,2,172,574,402,1695,2316,2488,1976,445.2,450.73,465.52,491.45,493.8,461.93,554.83,518.54,544.28,514.37,533.79,543.34,25.93,-29.91,5.53,-36.29,-31.87,9.55,0.2,0.25,0.15,-0.05,-0.1,1,1,0,1,1,476.16,461.98,473.02,472.61,489.94,474.05,14.18,11.04,-15.89,-17.33,0.65,1700.81,2017.62,-316.81,0.94,0.82,3593,5563,4440.77,5846.33,4.38,3,2.07,4,-283.33,-847.77,13,59,67,43,12,12,14
587,2,2,536,405,-131,2068,2244,2225,1564,315.27,335,336.1,353.6,339.33,323.71,374.97,380.61,370.25,372.33,394.9,366.53,17.5,2.08,19.73,5.64,-15.62,-28.37,0.2,0.1,0.15,0.1,0.05,6,3,1,5,2,468.75,458.24,482.15,465.94,465.13,486.71,10.51,23.91,21.58,0.81,0.73,1428.59,1658.7,-230.11,0.76,0.65,3272.15,3674.25,3671.09,2017.2,4.38,3.5,4.45,4,1657.05,-398.94,24,45,58,59,24,20,36
